year,state,sex,prev_low,prev_medium,prev_high
2024,Alaska,male,0.2641,0.2235,0.0855
2024,Alaska,female,0.26770000000000005,0.1431,0.0894
2024,Alabama,male,0.2686,0.1979,0.0583
2024,Alabama,female,0.2182,0.1084,0.0613
2024,Arkansas,male,0.22699999999999998,0.18,0.0737
2024,Arkansas,female,0.20289999999999997,0.1072,0.05050000000000001
2024,Arizona,male,0.2733999999999999,0.20809999999999998,0.0723
2024,Arizona,female,0.28809999999999997,0.10619999999999999,0.0631
2024,California,male,0.30900000000000005,0.19519999999999998,0.05779999999999999
2024,California,female,0.3072,0.11130000000000001,0.0454
2024,Colorado,male,0.34209999999999996,0.21959999999999996,0.0684
2024,Colorado,female,0.34840000000000004,0.1315,0.0753
2024,Connecticut,male,0.39330000000000004,0.1818,0.0425
2024,Connecticut,female,0.3385,0.1216,0.0651
2024,District of Columbia,male,0.3304999999999999,0.2895,0.0646
2024,District of Columbia,female,0.33049999999999996,0.2214,0.08410000000000001
2024,Delaware,male,0.33240000000000003,0.1631,0.0579
2024,Delaware,female,0.3173,0.1018,0.0637
2024,Florida,male,0.32530000000000003,0.1857,0.0625
2024,Florida,female,0.3239000000000001,0.10289999999999999,0.0544
2024,Georgia,male,0.3074,0.1641,0.0545
2024,Georgia,female,0.298,0.10640000000000001,0.046
2024,Guam,male,0.12439999999999998,0.267,0.0585
2024,Guam,female,NA,0.12210000000000001,NA
2024,Hawaii,male,0.2348,0.20989999999999998,0.0775
2024,Hawaii,female,0.2428,0.1107,0.0588
2024,Iowa,male,0.24879999999999988,0.2604,0.09210000000000002
2024,Iowa,female,0.2999,0.1478,0.0613
2024,Idaho,male,0.24899999999999994,0.1778,0.0762
2024,Idaho,female,0.24300000000000005,0.099,0.058899999999999994
2024,Illinois,male,0.2936000000000001,0.23809999999999998,0.071
2024,Illinois,female,0.2963,0.1317,0.0498
2024,Indiana,male,0.2946,0.1867,0.06239999999999999
2024,Indiana,female,0.28719999999999996,0.10890000000000001,0.0444
2024,Kansas,male,0.29869999999999997,0.20739999999999997,0.0665
2024,Kansas,female,0.2841,0.12,0.0613
2024,Kentucky,male,0.259,0.1671,0.0558
2024,Kentucky,female,0.209,0.1065,0.04
2024,Louisiana,male,0.27410000000000007,0.22519999999999998,0.0827
2024,Louisiana,female,0.2614000000000001,0.1247,0.0633
2024,Massachusetts,male,0.3955,0.1867,0.04850000000000001
2024,Massachusetts,female,0.3544,0.1284,0.0616
2024,Maryland,male,0.38249999999999995,0.1642,0.0424
2024,Maryland,female,0.327,0.09759999999999999,0.04569999999999999
2024,Maine,male,0.3272,0.1877,0.0739
2024,Maine,female,0.344,0.10489999999999998,0.0663
2024,Michigan,male,0.30149999999999993,0.1902,0.062
2024,Michigan,female,0.3144,0.1167,0.060899999999999996
2024,Minnesota,male,0.32249999999999995,0.2248,0.0682
2024,Minnesota,female,0.33819999999999995,0.1363,0.0709
2024,Missouri,male,0.2896,0.1961,0.0627
2024,Missouri,female,0.2614,0.1304,0.0603
2024,Mississippi,male,0.222,0.1827,0.0732
2024,Mississippi,female,0.22030000000000002,0.087,0.0463
2024,Montana,male,0.2784,0.2532,0.1027
2024,Montana,female,0.29279999999999995,0.1535,0.0934
2024,North Carolina,male,0.314,0.1703,0.0451
2024,North Carolina,female,0.26459999999999995,0.0981,0.04019999999999999
2024,North Dakota,male,0.2679,0.256,0.08870000000000001
2024,North Dakota,female,0.32480000000000003,0.1264,0.0547
2024,Nebraska,male,0.29400000000000004,0.25489999999999996,0.0722
2024,Nebraska,female,0.30279999999999996,0.1394,0.0582
2024,New Hampshire,male,0.35559999999999997,0.2016,0.08070000000000001
2024,New Hampshire,female,0.387,0.11019999999999999,0.0703
2024,New Jersey,male,0.38939999999999997,0.1818,0.0421
2024,New Jersey,female,0.33240000000000003,0.115,0.0451
2024,New Mexico,male,0.2978,0.1966,0.04390000000000001
2024,New Mexico,female,0.24650000000000005,0.109,0.0508
2024,Nevada,male,0.2985,0.19399999999999998,0.0608
2024,Nevada,female,0.3059,0.11470000000000001,0.05050000000000001
2024,New York,male,0.33549999999999996,0.19,0.0484
2024,New York,female,0.3013,0.1148,0.0535
2024,Ohio,male,0.30820000000000003,0.21109999999999998,0.0669
2024,Ohio,female,0.29619999999999996,0.11349999999999999,0.0576
2024,Oklahoma,male,0.23689999999999997,0.1675,0.05600000000000001
2024,Oklahoma,female,0.21769999999999995,0.0891,0.043
2024,Oregon,male,0.33880000000000005,0.1807,0.0667
2024,Oregon,female,0.3385,0.1108,0.063
2024,Pennsylvania,male,0.3154,0.222,0.0246
2024,Pennsylvania,female,0.33759999999999996,0.10830000000000001,0.037200000000000004
2024,Puerto Rico,male,0.23130000000000003,0.1404,0.0482
2024,Puerto Rico,female,0.1586,0.06239999999999999,0.0286
2024,Rhode Island,male,0.3355,0.20679999999999998,0.0647
2024,Rhode Island,female,0.35960000000000003,0.133,0.0601
2024,South Carolina,male,0.2931,0.1863,0.0656
2024,South Carolina,female,0.26570000000000005,0.1286,0.07519999999999999
2024,South Dakota,male,0.26809999999999995,0.2255,0.09539999999999998
2024,South Dakota,female,0.3101,0.1329,0.0564
2024,Texas,male,0.2627999999999999,0.2057,0.0732
2024,Texas,female,0.2736,0.1225,0.0548
2024,Utah,male,0.18860000000000002,0.135,0.0384
2024,Utah,female,0.16180000000000003,0.08959999999999999,0.0323
2024,Virginia,male,0.3337,0.1649,0.0546
2024,Virginia,female,0.29649999999999993,0.1142,0.0573
2024,Virgin Islands,male,NA,0.1137,NA
2024,Virgin Islands,female,0.2844,0.064,0.0157
2024,Vermont,male,0.3727,0.20010000000000003,0.07519999999999999
2024,Vermont,female,0.3709,0.1322,0.0895
2024,Washington,male,0.3673,0.1751,0.0528
2024,Washington,female,0.31539999999999996,0.11699999999999999,0.0648
2024,Wisconsin,male,0.2969000000000001,0.2451,0.0766
2024,Wisconsin,female,0.3331,0.1355,0.0703
2024,West Virginia,male,0.20810000000000003,0.184,0.0676
2024,West Virginia,female,0.19939999999999997,0.0833,0.029900000000000003
2024,Wyoming,male,0.27490000000000003,0.21030000000000001,0.0659
2024,Wyoming,female,0.28470000000000006,0.11689999999999999,0.0576
2023,Alaska,male,0.259,0.204,0.08800000000000001
2023,Alaska,female,0.292,0.133,0.079
2023,Alabama,male,0.257,0.17600000000000002,0.073
2023,Alabama,female,0.24600000000000002,0.086,0.049
2023,Arkansas,male,0.25699999999999995,0.182,0.064
2023,Arkansas,female,0.21600000000000003,0.092,0.048
2023,Arizona,male,0.31799999999999995,0.18100000000000002,0.059000000000000004
2023,Arizona,female,0.301,0.11,0.055999999999999994
2023,California,male,0.3399999999999999,0.183,0.051
2023,California,female,0.29400000000000004,0.102,0.045
2023,Colorado,male,0.36499999999999994,0.221,0.062
2023,Colorado,female,0.35800000000000004,0.139,0.073
2023,Connecticut,male,0.384,0.184,0.062
2023,Connecticut,female,0.36699999999999994,0.114,0.057
2023,District of Columbia,male,0.32699999999999996,0.314,0.067
2023,District of Columbia,female,0.316,0.235,0.09699999999999999
2023,Delaware,male,0.36200000000000004,0.16699999999999998,0.047
2023,Delaware,female,0.324,0.109,0.057
2023,Florida,male,0.34299999999999997,0.19399999999999998,0.067
2023,Florida,female,0.30900000000000005,0.098,0.065
2023,Georgia,male,0.30699999999999994,0.17800000000000002,0.059000000000000004
2023,Georgia,female,0.299,0.10400000000000001,0.051
2023,Guam,male,0.17700000000000002,0.298,0.102
2023,Guam,female,0.18200000000000002,0.12,0.064
2023,Hawaii,male,0.24100000000000002,0.22699999999999998,0.08900000000000001
2023,Hawaii,female,0.21900000000000003,0.139,0.08199999999999999
2023,Iowa,male,0.285,0.255,0.083
2023,Iowa,female,0.306,0.158,0.062
2023,Idaho,male,0.286,0.188,0.052000000000000005
2023,Idaho,female,0.24700000000000003,0.11,0.064
2023,Illinois,male,0.33,0.239,0.05
2023,Illinois,female,0.31799999999999995,0.128,0.055
2023,Indiana,male,0.293,0.196,0.063
2023,Indiana,female,0.28800000000000003,0.11,0.042
2023,Kansas,male,0.318,0.198,0.062
2023,Kansas,female,0.29500000000000004,0.124,0.067
2023,Louisiana,male,0.252,0.212,0.07
2023,Louisiana,female,0.286,0.11,0.062
2023,Massachusetts,male,0.3439999999999999,0.218,0.062
2023,Massachusetts,female,0.373,0.11699999999999999,0.065
2023,Maryland,male,0.37200000000000005,0.159,0.036000000000000004
2023,Maryland,female,0.33100000000000007,0.102,0.043
2023,Maine,male,0.32,0.188,0.08
2023,Maine,female,0.325,0.115,0.083
2023,Michigan,male,0.321,0.193,0.055999999999999994
2023,Michigan,female,0.30400000000000005,0.11199999999999999,0.06
2023,Minnesota,male,0.354,0.204,0.055999999999999994
2023,Minnesota,female,0.355,0.138,0.062
2023,Missouri,male,0.27599999999999997,0.205,0.068
2023,Missouri,female,0.272,0.124,0.048
2023,Mississippi,male,0.23600000000000002,0.179,0.071
2023,Mississippi,female,0.24600000000000002,0.08800000000000001,0.052000000000000005
2023,Montana,male,0.301,0.23600000000000002,0.09
2023,Montana,female,0.326,0.154,0.075
2023,North Carolina,male,0.29100000000000004,0.183,0.055999999999999994
2023,North Carolina,female,0.29800000000000004,0.094,0.049
2023,North Dakota,male,0.29900000000000004,0.264,0.07400000000000001
2023,North Dakota,female,0.32699999999999996,0.157,0.051
2023,Nebraska,male,0.3340000000000001,0.23199999999999998,0.063
2023,Nebraska,female,0.306,0.151,0.06
2023,New Hampshire,male,0.38299999999999995,0.19399999999999998,0.071
2023,New Hampshire,female,0.39000000000000007,0.11800000000000001,0.084
2023,New Jersey,male,0.37799999999999995,0.18100000000000002,0.046
2023,New Jersey,female,0.336,0.113,0.040999999999999995
2023,New Mexico,male,0.287,0.16399999999999998,0.052000000000000005
2023,New Mexico,female,0.281,0.08900000000000001,0.046
2023,Nevada,male,0.314,0.214,0.08199999999999999
2023,Nevada,female,0.31500000000000006,0.10400000000000001,0.052000000000000005
2023,New York,male,0.35900000000000004,0.187,0.05
2023,New York,female,0.32799999999999996,0.114,0.051
2023,Ohio,male,0.306,0.19,0.064
2023,Ohio,female,0.286,0.125,0.062
2023,Oklahoma,male,0.26899999999999996,0.185,0.059000000000000004
2023,Oklahoma,female,0.248,0.091,0.038
2023,Oregon,male,0.347,0.17600000000000002,0.065
2023,Oregon,female,0.34,0.114,0.07200000000000001
2023,Puerto Rico,male,0.195,0.18,0.054000000000000006
2023,Puerto Rico,female,0.157,0.07,0.02
2023,Rhode Island,male,0.33299999999999996,0.207,0.063
2023,Rhode Island,female,0.33299999999999996,0.126,0.069
2023,South Carolina,male,0.301,0.188,0.071
2023,South Carolina,female,0.27699999999999997,0.105,0.055999999999999994
2023,South Dakota,male,0.31100000000000005,0.239,0.077
2023,South Dakota,female,0.355,0.159,0.069
2023,Tennessee,male,0.308,0.171,0.066
2023,Tennessee,female,0.261,0.10400000000000001,0.05
2023,Texas,male,0.27799999999999997,0.20600000000000002,0.069
2023,Texas,female,0.25800000000000006,0.135,0.049
2023,Utah,male,0.16099999999999998,0.158,0.045
2023,Utah,female,0.17300000000000001,0.08199999999999999,0.033
2023,Virginia,male,0.37699999999999995,0.14300000000000002,0.049
2023,Virginia,female,0.29799999999999993,0.11800000000000001,0.063
2023,Virgin Islands,male,0.268,0.18899999999999997,0.1
2023,Virgin Islands,female,0.24799999999999997,0.111,0.044000000000000004
2023,Vermont,male,0.375,0.198,0.067
2023,Vermont,female,0.36800000000000005,0.11699999999999999,0.084
2023,Washington,male,0.369,0.18600000000000003,0.057
2023,Washington,female,0.348,0.126,0.071
2023,Wisconsin,male,0.314,0.23600000000000002,0.08
2023,Wisconsin,female,0.332,0.134,0.065
2023,West Virginia,male,0.23600000000000002,0.18,0.071
2023,West Virginia,female,0.207,0.073,0.033
2023,Wyoming,male,0.30199999999999994,0.172,0.066
2023,Wyoming,female,0.283,0.11800000000000001,0.065
2022,Alaska,male,0.269,0.207,0.078
2022,Alaska,female,0.27699999999999997,0.147,0.08800000000000001
2022,Alabama,male,0.262,0.162,0.068
2022,Alabama,female,0.239,0.096,0.05
2022,Arkansas,male,0.205,0.2,0.09
2022,Arkansas,female,0.21000000000000005,0.11900000000000001,0.067
2022,Arizona,male,0.275,0.209,0.073
2022,Arizona,female,0.297,0.138,0.068
2022,California,male,0.29800000000000004,0.217,0.064
2022,California,female,0.272,0.134,0.062
2022,Colorado,male,0.3489999999999999,0.23199999999999998,0.07
2022,Colorado,female,0.3339999999999999,0.152,0.092
2022,Connecticut,male,0.376,0.182,0.059000000000000004
2022,Connecticut,female,0.352,0.136,0.062
2022,District of Columbia,male,0.33399999999999996,0.27699999999999997,0.079
2022,District of Columbia,female,0.30500000000000005,0.243,0.111
2022,Delaware,male,0.35600000000000004,0.165,0.048
2022,Delaware,female,0.33,0.11599999999999999,0.061
2022,Florida,male,0.32199999999999995,0.185,0.07200000000000001
2022,Florida,female,0.32299999999999995,0.111,0.08
2022,Georgia,male,0.292,0.183,0.073
2022,Georgia,female,0.284,0.10800000000000001,0.052000000000000005
2022,Guam,male,0.14100000000000004,0.26899999999999996,0.11199999999999999
2022,Guam,female,0.174,0.11199999999999999,0.067
2022,Hawaii,male,0.24199999999999997,0.23199999999999998,0.08900000000000001
2022,Hawaii,female,0.23299999999999998,0.133,0.073
2022,Iowa,male,0.24400000000000005,0.287,0.1
2022,Iowa,female,0.279,0.14400000000000002,0.062
2022,Idaho,male,0.253,0.196,0.07200000000000001
2022,Idaho,female,0.254,0.115,0.071
2022,Illinois,male,0.35100000000000003,0.214,0.057
2022,Illinois,female,0.32899999999999996,0.13,0.046
2022,Indiana,male,0.307,0.184,0.057
2022,Indiana,female,0.281,0.10800000000000001,0.055999999999999994
2022,Kansas,male,0.311,0.217,0.071
2022,Kansas,female,0.307,0.125,0.053
2022,Kentucky,male,0.17799999999999996,0.17300000000000001,0.057
2022,Kentucky,female,0.176,0.086,0.037000000000000005
2022,Louisiana,male,0.267,0.222,0.083
2022,Louisiana,female,0.26899999999999996,0.121,0.064
2022,Massachusetts,male,0.35700000000000004,0.20800000000000002,0.057
2022,Massachusetts,female,0.34,0.14,0.076
2022,Maryland,male,0.345,0.17,0.051
2022,Maryland,female,0.32799999999999996,0.10300000000000001,0.052000000000000005
2022,Maine,male,0.29699999999999993,0.193,0.081
2022,Maine,female,0.31000000000000005,0.11699999999999999,0.077
2022,Michigan,male,0.325,0.2,0.07
2022,Michigan,female,0.29600000000000004,0.141,0.07400000000000001
2022,Minnesota,male,0.307,0.239,0.078
2022,Minnesota,female,0.324,0.156,0.081
2022,Missouri,male,0.25299999999999995,0.235,0.085
2022,Missouri,female,0.259,0.14400000000000002,0.075
2022,Mississippi,male,0.23,0.19,0.07
2022,Mississippi,female,0.22700000000000004,0.085,0.049
2022,Montana,male,0.26399999999999996,0.261,0.10300000000000001
2022,Montana,female,0.301,0.172,0.10099999999999999
2022,North Carolina,male,0.26399999999999996,0.222,0.067
2022,North Carolina,female,0.26299999999999996,0.115,0.055999999999999994
2022,North Dakota,male,0.233,0.289,0.09300000000000001
2022,North Dakota,female,0.305,0.165,0.07400000000000001
2022,Nebraska,male,0.32199999999999995,0.23199999999999998,0.07400000000000001
2022,Nebraska,female,0.29,0.156,0.071
2022,New Hampshire,male,0.37900000000000006,0.20600000000000002,0.064
2022,New Hampshire,female,0.348,0.134,0.092
2022,New Jersey,male,0.38000000000000006,0.188,0.044000000000000004
2022,New Jersey,female,0.34299999999999997,0.122,0.057
2022,New Mexico,male,0.26899999999999996,0.204,0.075
2022,New Mexico,female,0.268,0.10300000000000001,0.051
2022,Nevada,male,0.31899999999999995,0.222,0.07200000000000001
2022,Nevada,female,0.285,0.129,0.075
2022,New York,male,0.343,0.207,0.061
2022,New York,female,0.30000000000000004,0.129,0.062
2022,Ohio,male,0.285,0.225,0.069
2022,Ohio,female,0.274,0.14400000000000002,0.063
2022,Oklahoma,male,0.273,0.172,0.052000000000000005
2022,Oklahoma,female,0.23800000000000002,0.10099999999999999,0.038
2022,Oregon,male,0.31200000000000006,0.222,0.08199999999999999
2022,Oregon,female,0.31,0.139,0.086
2022,Pennsylvania,male,0.27899999999999997,0.21,0.071
2022,Pennsylvania,female,0.285,0.134,0.06
2022,Puerto Rico,male,0.18900000000000003,0.19,0.063
2022,Puerto Rico,female,0.146,0.083,0.031
2022,Rhode Island,male,0.343,0.21899999999999997,0.065
2022,Rhode Island,female,0.332,0.127,0.067
2022,South Carolina,male,0.29800000000000004,0.203,0.071
2022,South Carolina,female,0.268,0.13,0.069
2022,South Dakota,male,0.27699999999999997,0.261,0.081
2022,South Dakota,female,0.316,0.126,0.05
2022,Tennessee,male,0.27399999999999997,0.196,0.068
2022,Tennessee,female,0.255,0.109,0.064
2022,Texas,male,0.27799999999999997,0.217,0.08
2022,Texas,female,0.28600000000000003,0.114,0.059000000000000004
2022,Utah,male,0.165,0.16,0.054000000000000006
2022,Utah,female,0.154,0.096,0.046
2022,Virginia,male,0.30000000000000004,0.20800000000000002,0.069
2022,Virginia,female,0.315,0.129,0.065
2022,Virgin Islands,male,NA,0.084,NA
2022,Virgin Islands,female,NA,0.087,NA
2022,Vermont,male,0.325,0.222,0.087
2022,Vermont,female,0.33899999999999997,0.141,0.109
2022,Washington,male,0.357,0.188,0.061
2022,Washington,female,0.327,0.128,0.077
2022,Wisconsin,male,0.31299999999999994,0.25,0.083
2022,Wisconsin,female,0.34900000000000003,0.157,0.075
2022,West Virginia,male,0.21400000000000002,0.188,0.07
2022,West Virginia,female,0.19299999999999998,0.09,0.045
2022,Wyoming,male,0.275,0.226,0.079
2022,Wyoming,female,0.263,0.141,0.083
2021,Alaska,male,0.279,0.205,0.077
2021,Alaska,female,0.292,0.14300000000000002,0.098
2021,Alabama,male,0.231,0.17300000000000001,0.066
2021,Alabama,female,0.22400000000000003,0.08199999999999999,0.036000000000000004
2021,Arkansas,male,0.248,0.171,0.068
2021,Arkansas,female,0.235,0.087,0.053
2021,Arizona,male,0.29500000000000004,0.204,0.07200000000000001
2021,Arizona,female,0.29400000000000004,0.114,0.054000000000000006
2021,California,male,0.3499999999999999,0.188,0.055999999999999994
2021,California,female,0.31499999999999995,0.11199999999999999,0.066
2021,Colorado,male,0.35700000000000004,0.23199999999999998,0.065
2021,Colorado,female,0.344,0.142,0.081
2021,Connecticut,male,0.415,0.165,0.045
2021,Connecticut,female,0.344,0.11,0.061
2021,District of Columbia,male,0.396,0.267,0.059000000000000004
2021,District of Columbia,female,0.31999999999999995,0.188,0.111
2021,Delaware,male,0.361,0.16399999999999998,0.055
2021,Delaware,female,0.35900000000000004,0.09699999999999999,0.045
2021,Georgia,male,0.29100000000000004,0.2,0.07
2021,Georgia,female,0.308,0.095,0.055999999999999994
2021,Guam,male,0.158,0.217,0.064
2021,Guam,female,0.18699999999999994,0.121,0.046
2021,Hawaii,male,0.26899999999999996,0.21,0.07400000000000001
2021,Hawaii,female,0.24,0.12300000000000001,0.067
2021,Iowa,male,0.27699999999999997,0.261,0.085
2021,Iowa,female,0.314,0.14300000000000002,0.055999999999999994
2021,Idaho,male,0.259,0.172,0.068
2021,Idaho,female,0.27699999999999997,0.11,0.067
2021,Illinois,male,0.285,0.185,0.055
2021,Illinois,female,0.332,0.114,0.045
2021,Indiana,male,0.29899999999999993,0.193,0.062
2021,Indiana,female,0.286,0.11800000000000001,0.057
2021,Kansas,male,0.31499999999999995,0.221,0.068
2021,Kansas,female,0.301,0.134,0.055
2021,Kentucky,male,0.228,0.166,0.057
2021,Kentucky,female,0.21499999999999997,0.09,0.033
2021,Louisiana,male,0.285,0.215,0.078
2021,Louisiana,female,0.2809999999999999,0.133,0.065
2021,Massachusetts,male,0.37300000000000005,0.19699999999999998,0.059000000000000004
2021,Massachusetts,female,0.34299999999999997,0.131,0.067
2021,Maryland,male,0.35800000000000004,0.163,0.046
2021,Maryland,female,0.33899999999999997,0.1,0.05
2021,Maine,male,0.315,0.204,0.084
2021,Maine,female,0.325,0.105,0.081
2021,Michigan,male,0.322,0.20199999999999999,0.07200000000000001
2021,Michigan,female,0.29900000000000004,0.12300000000000001,0.057999999999999996
2021,Minnesota,male,0.338,0.21899999999999997,0.068
2021,Minnesota,female,0.35600000000000004,0.139,0.071
2021,Missouri,male,0.278,0.22,0.078
2021,Missouri,female,0.293,0.115,0.055999999999999994
2021,Mississippi,male,0.22499999999999998,0.17600000000000002,0.068
2021,Mississippi,female,0.204,0.08,0.054000000000000006
2021,Montana,male,0.322,0.256,0.092
2021,Montana,female,0.29900000000000004,0.154,0.07400000000000001
2021,North Carolina,male,0.31100000000000005,0.19899999999999998,0.052000000000000005
2021,North Carolina,female,0.27199999999999996,0.111,0.055999999999999994
2021,North Dakota,male,0.309,0.263,0.081
2021,North Dakota,female,0.314,0.15,0.052000000000000005
2021,Nebraska,male,0.319,0.248,0.073
2021,Nebraska,female,0.33100000000000007,0.14300000000000002,0.063
2021,New Hampshire,male,0.38299999999999995,0.183,0.067
2021,New Hampshire,female,0.375,0.11,0.08
2021,New Jersey,male,0.38800000000000007,0.185,0.049
2021,New Jersey,female,0.332,0.11,0.054000000000000006
2021,New Mexico,male,0.295,0.168,0.05
2021,New Mexico,female,0.253,0.09699999999999999,0.045
2021,Nevada,male,0.305,0.16899999999999998,0.049
2021,Nevada,female,0.32299999999999995,0.086,0.05
2021,New York,male,0.3509999999999999,0.18600000000000003,0.052000000000000005
2021,New York,female,0.307,0.115,0.057
2021,Ohio,male,0.292,0.203,0.068
2021,Ohio,female,0.30199999999999994,0.135,0.055999999999999994
2021,Oklahoma,male,0.264,0.166,0.051
2021,Oklahoma,female,0.249,0.075,0.026000000000000002
2021,Oregon,male,0.32099999999999995,0.205,0.08800000000000001
2021,Oregon,female,0.32799999999999996,0.113,0.08199999999999999
2021,Pennsylvania,male,0.321,0.188,0.071
2021,Pennsylvania,female,0.307,0.121,0.062
2021,Puerto Rico,male,0.19099999999999995,0.17800000000000002,0.054000000000000006
2021,Puerto Rico,female,0.14200000000000002,0.075,0.026000000000000002
2021,Rhode Island,male,0.337,0.222,0.063
2021,Rhode Island,female,0.35600000000000004,0.128,0.071
2021,South Carolina,male,0.29500000000000004,0.195,0.067
2021,South Carolina,female,0.28900000000000003,0.109,0.057999999999999996
2021,South Dakota,male,0.30300000000000005,0.244,0.075
2021,South Dakota,female,0.316,0.14800000000000002,0.059000000000000004
2021,Tennessee,male,0.26899999999999996,0.185,0.054000000000000006
2021,Tennessee,female,0.257,0.10300000000000001,0.055999999999999994
2021,Texas,male,0.299,0.21100000000000002,0.069
2021,Texas,female,0.287,0.12,0.046
2021,Utah,male,0.175,0.151,0.046
2021,Utah,female,0.16300000000000003,0.084,0.034
2021,Virginia,male,0.3459999999999999,0.185,0.057
2021,Virginia,female,0.324,0.125,0.06
2021,Virgin Islands,male,0.303,0.184,0.081
2021,Virgin Islands,female,NA,0.077,NA
2021,Vermont,male,0.3629999999999999,0.20199999999999999,0.081
2021,Vermont,female,0.3509999999999999,0.138,0.09
2021,Washington,male,0.37,0.18899999999999997,0.062
2021,Washington,female,0.32299999999999995,0.11699999999999999,0.07
2021,Wisconsin,male,0.33,0.259,0.079
2021,Wisconsin,female,0.35100000000000003,0.179,0.085
2021,West Virginia,male,0.228,0.165,0.062
2021,West Virginia,female,0.18100000000000002,0.07,0.037000000000000005
2021,Wyoming,male,0.321,0.193,0.066
2021,Wyoming,female,0.292,0.125,0.068
2020,Alaska,male,0.285,0.221,0.091
2020,Alaska,female,0.279,0.132,0.098
2020,Alabama,female,0.24400000000000002,0.087,0.04
2020,Alabama,male,0.27099999999999996,0.18100000000000002,0.068
2020,Arkansas,female,0.21299999999999997,0.111,0.051
2020,Arkansas,male,0.233,0.18,0.08800000000000001
2020,Arizona,female,0.30200000000000005,0.1,0.059000000000000004
2020,Arizona,male,0.292,0.188,0.071
2020,California,male,0.311,0.20800000000000002,0.059000000000000004
2020,California,female,0.29200000000000004,0.114,0.066
2020,Colorado,male,0.34600000000000003,0.217,0.076
2020,Colorado,female,0.32699999999999996,0.142,0.079
2020,Connecticut,female,0.36300000000000004,0.11699999999999999,0.071
2020,Connecticut,male,0.409,0.17,0.049
2020,District of Columbia,male,0.38100000000000006,0.248,0.055
2020,District of Columbia,female,0.326,0.20800000000000002,0.11599999999999999
2020,Delaware,male,0.31499999999999995,0.193,0.063
2020,Delaware,female,0.304,0.098,0.055999999999999994
2020,Florida,female,0.29900000000000004,0.102,0.065
2020,Florida,male,0.327,0.171,0.07400000000000001
2020,Georgia,female,0.297,0.11,0.053
2020,Georgia,male,0.32599999999999996,0.17,0.067
2020,Guam,male,0.196,0.242,0.099
2020,Guam,female,0.17200000000000004,0.08,0.034
2020,Hawaii,female,0.23,0.105,0.069
2020,Hawaii,male,0.23700000000000002,0.209,0.086
2020,Iowa,male,0.25499999999999995,0.282,0.096
2020,Iowa,female,0.28800000000000003,0.149,0.069
2020,Idaho,female,0.23999999999999996,0.10800000000000001,0.06
2020,Idaho,male,0.252,0.18100000000000002,0.08199999999999999
2020,Illinois,female,0.27899999999999997,0.095,0.054000000000000006
2020,Illinois,male,0.281,0.16699999999999998,0.064
2020,Indiana,female,0.27399999999999997,0.11199999999999999,0.055999999999999994
2020,Indiana,male,0.28200000000000003,0.205,0.07400000000000001
2020,Kansas,female,0.315,0.121,0.06
2020,Kansas,male,0.31400000000000006,0.222,0.07
2020,Kentucky,female,0.26099999999999995,0.091,0.048
2020,Kentucky,male,0.225,0.201,0.079
2020,Louisiana,male,0.22899999999999998,0.256,0.09
2020,Louisiana,female,0.27,0.124,0.066
2020,Massachusetts,female,0.369,0.11599999999999999,0.075
2020,Massachusetts,male,0.376,0.203,0.064
2020,Maryland,male,0.38400000000000006,0.155,0.048
2020,Maryland,female,0.344,0.095,0.055
2020,Maine,male,0.31500000000000006,0.188,0.087
2020,Maine,female,0.335,0.102,0.075
2020,Michigan,female,0.33699999999999997,0.131,0.06
2020,Michigan,male,0.289,0.22,0.076
2020,Minnesota,male,0.34,0.226,0.066
2020,Minnesota,female,0.32400000000000007,0.14300000000000002,0.078
2020,Missouri,female,0.2699999999999999,0.132,0.066
2020,Missouri,male,0.27099999999999996,0.207,0.077
2020,Mississippi,male,0.19399999999999998,0.18600000000000003,0.076
2020,Mississippi,female,0.20200000000000004,0.08800000000000001,0.042
2020,Montana,male,0.30500000000000005,0.247,0.102
2020,Montana,female,0.317,0.147,0.085
2020,North Carolina,male,0.292,0.18100000000000002,0.061
2020,North Carolina,female,0.284,0.105,0.055
2020,North Dakota,female,0.29600000000000004,0.163,0.076
2020,North Dakota,male,0.306,0.252,0.084
2020,Nebraska,male,0.29200000000000004,0.266,0.084
2020,Nebraska,female,0.35200000000000004,0.14400000000000002,0.064
2020,New Hampshire,male,0.387,0.198,0.075
2020,New Hampshire,female,0.381,0.124,0.08900000000000001
2020,New Jersey,male,0.358,0.191,0.059000000000000004
2020,New Jersey,female,0.32699999999999996,0.11699999999999999,0.07400000000000001
2020,New Mexico,male,0.27399999999999997,0.203,0.091
2020,New Mexico,female,0.27399999999999997,0.085,0.044000000000000004
2020,Nevada,female,0.25799999999999995,0.124,0.076
2020,Nevada,male,0.32099999999999995,0.221,0.071
2020,New York,male,0.354,0.184,0.062
2020,New York,female,0.312,0.11199999999999999,0.068
2020,Ohio,male,0.293,0.201,0.07200000000000001
2020,Ohio,female,0.26899999999999996,0.127,0.057
2020,Oklahoma,male,0.24,0.16,0.06
2020,Oklahoma,female,0.23799999999999996,0.076,0.036000000000000004
2020,Oregon,female,0.297,0.12,0.08199999999999999
2020,Oregon,male,0.32899999999999996,0.20600000000000002,0.076
2020,Pennsylvania,male,0.29599999999999993,0.21100000000000002,0.076
2020,Pennsylvania,female,0.314,0.127,0.073
2020,Puerto Rico,male,0.151,0.19699999999999998,0.061
2020,Puerto Rico,female,0.133,0.066,0.027999999999999997
2020,Rhode Island,male,0.374,0.19899999999999998,0.055999999999999994
2020,Rhode Island,female,0.37599999999999995,0.10800000000000001,0.06
2020,South Carolina,male,0.282,0.21,0.08199999999999999
2020,South Carolina,female,0.24700000000000003,0.10800000000000001,0.07200000000000001
2020,South Dakota,female,0.29900000000000004,0.11699999999999999,0.05
2020,South Dakota,male,0.33699999999999997,0.24,0.076
2020,Tennessee,female,0.254,0.09699999999999999,0.048
2020,Tennessee,male,0.287,0.18899999999999997,0.067
2020,Texas,male,0.29300000000000004,0.22399999999999998,0.075
2020,Texas,female,0.259,0.10800000000000001,0.055999999999999994
2020,Utah,female,0.151,0.08,0.039
2020,Utah,male,0.152,0.147,0.05
2020,Virginia,male,0.325,0.195,0.057
2020,Virginia,female,0.309,0.10400000000000001,0.055999999999999994
2020,Vermont,male,0.3539999999999999,0.22399999999999998,0.08800000000000001
2020,Vermont,female,0.347,0.131,0.106
2020,Washington,female,0.32299999999999995,0.127,0.08
2020,Washington,male,0.37799999999999995,0.18100000000000002,0.062
2020,Wisconsin,female,0.34,0.175,0.092
2020,Wisconsin,male,0.32500000000000007,0.28300000000000003,0.106
2020,West Virginia,male,0.21799999999999997,0.152,0.057999999999999996
2020,West Virginia,female,0.20299999999999996,0.07400000000000001,0.03
2020,Wyoming,male,0.29900000000000004,0.205,0.067
2020,Wyoming,female,0.306,0.12,0.059000000000000004
2019,Alaska,male,0.29900000000000004,0.203,0.08
2019,Alaska,female,0.326,0.111,0.078
2019,Alabama,female,0.24200000000000002,0.08900000000000001,0.044000000000000004
2019,Alabama,male,0.23900000000000002,0.16399999999999998,0.07200000000000001
2019,Arkansas,male,0.21600000000000003,0.182,0.069
2019,Arkansas,female,0.20999999999999996,0.095,0.048
2019,Arizona,male,0.314,0.21,0.061
2019,Arizona,female,0.304,0.09300000000000001,0.051
2019,California,female,0.29300000000000004,0.11900000000000001,0.06
2019,California,male,0.32899999999999996,0.22,0.064
2019,Colorado,female,0.32,0.151,0.07400000000000001
2019,Colorado,male,0.37499999999999994,0.215,0.055999999999999994
2019,Connecticut,female,0.371,0.12,0.061
2019,Connecticut,male,0.384,0.196,0.063
2019,District of Columbia,male,0.37000000000000005,0.278,0.064
2019,District of Columbia,female,0.33899999999999997,0.223,0.10099999999999999
2019,Delaware,female,0.33,0.128,0.07200000000000001
2019,Delaware,male,0.31799999999999995,0.221,0.07400000000000001
2019,Florida,male,0.32100000000000006,0.193,0.078
2019,Florida,female,0.294,0.125,0.07400000000000001
2019,Georgia,female,0.26,0.11800000000000001,0.055999999999999994
2019,Georgia,male,0.294,0.2,0.06
2019,Guam,female,0.126,0.11900000000000001,0.06
2019,Guam,male,0.16399999999999998,0.24,0.12
2019,Hawaii,female,0.251,0.11,0.068
2019,Hawaii,male,0.24900000000000003,0.237,0.098
2019,Iowa,male,0.29600000000000004,0.27,0.079
2019,Iowa,female,0.314,0.165,0.055
2019,Idaho,female,0.27599999999999997,0.11800000000000001,0.07
2019,Idaho,male,0.22399999999999998,0.21600000000000003,0.076
2019,Illinois,female,0.30600000000000005,0.14400000000000002,0.07200000000000001
2019,Illinois,male,0.2909999999999999,0.258,0.08
2019,Indiana,female,0.26799999999999996,0.11,0.040999999999999995
2019,Indiana,male,0.29,0.205,0.069
2019,Kansas,female,0.32699999999999996,0.12,0.052000000000000005
2019,Kansas,male,0.303,0.228,0.07200000000000001
2019,Kentucky,male,0.19800000000000004,0.2,0.079
2019,Kentucky,female,0.20900000000000002,0.11,0.052000000000000005
2019,Louisiana,female,0.263,0.124,0.063
2019,Louisiana,male,0.229,0.259,0.087
2019,Massachusetts,male,0.3459999999999999,0.23199999999999998,0.08
2019,Massachusetts,female,0.332,0.154,0.075
2019,Maryland,female,0.333,0.109,0.053
2019,Maryland,male,0.348,0.16899999999999998,0.051
2019,Maine,female,0.317,0.125,0.083
2019,Maine,male,0.305,0.217,0.095
2019,Michigan,male,0.321,0.228,0.066
2019,Michigan,female,0.33000000000000007,0.134,0.057999999999999996
2019,Minnesota,male,0.317,0.253,0.07
2019,Minnesota,female,0.33899999999999997,0.163,0.069
2019,Missouri,male,0.305,0.214,0.071
2019,Missouri,female,0.28600000000000003,0.124,0.06
2019,Mississippi,male,0.185,0.198,0.078
2019,Mississippi,female,0.21299999999999997,0.076,0.044000000000000004
2019,Montana,female,0.298,0.147,0.09
2019,Montana,male,0.28500000000000003,0.267,0.09699999999999999
2019,North Carolina,female,0.27,0.105,0.047
2019,North Carolina,male,0.306,0.17,0.067
2019,North Dakota,male,0.29899999999999993,0.292,0.08199999999999999
2019,North Dakota,female,0.33399999999999996,0.149,0.065
2019,Nebraska,female,0.338,0.157,0.054000000000000006
2019,Nebraska,male,0.31,0.261,0.071
2019,New Hampshire,female,0.41900000000000004,0.11800000000000001,0.068
2019,New Hampshire,male,0.39799999999999996,0.218,0.07200000000000001
2019,New Mexico,female,0.27099999999999996,0.098,0.045
2019,New Mexico,male,0.28600000000000003,0.2,0.076
2019,Nevada,male,0.301,0.20800000000000002,0.07400000000000001
2019,Nevada,female,0.27399999999999997,0.13,0.055
2019,New York,female,0.306,0.13,0.063
2019,New York,male,0.34,0.20800000000000002,0.055
2019,Ohio,male,0.266,0.228,0.07400000000000001
2019,Ohio,female,0.28,0.125,0.057
2019,Oklahoma,male,0.26,0.171,0.055999999999999994
2019,Oklahoma,female,0.24099999999999994,0.086,0.031
2019,Oregon,female,0.312,0.131,0.08800000000000001
2019,Oregon,male,0.33299999999999996,0.221,0.083
2019,Pennsylvania,male,0.321,0.21600000000000003,0.064
2019,Pennsylvania,female,0.33,0.125,0.057999999999999996
2019,Puerto Rico,male,0.16200000000000003,0.196,0.059000000000000004
2019,Puerto Rico,female,0.122,0.07400000000000001,0.031
2019,Rhode Island,female,0.38600000000000007,0.138,0.063
2019,Rhode Island,male,0.36199999999999993,0.23,0.059000000000000004
2019,South Carolina,female,0.255,0.134,0.065
2019,South Carolina,male,0.22099999999999997,0.187,0.122
2019,South Dakota,female,0.30899999999999994,0.161,0.057999999999999996
2019,South Dakota,male,0.303,0.264,0.081
2019,Tennessee,male,0.25799999999999995,0.191,0.064
2019,Tennessee,female,0.235,0.1,0.051
2019,Texas,male,0.29100000000000004,0.242,0.064
2019,Texas,female,0.272,0.12,0.057
2019,Utah,female,0.15000000000000002,0.08,0.036000000000000004
2019,Utah,male,0.16300000000000003,0.145,0.049
2019,Virginia,female,0.2950000000000001,0.11199999999999999,0.054000000000000006
2019,Virginia,male,0.31300000000000006,0.19699999999999998,0.059000000000000004
2019,Vermont,male,0.35600000000000004,0.225,0.094
2019,Vermont,female,0.369,0.14300000000000002,0.094
2019,Washington,male,0.369,0.179,0.05
2019,Washington,female,0.35700000000000004,0.10400000000000001,0.061
2019,Wisconsin,female,0.359,0.165,0.08
2019,Wisconsin,male,0.324,0.27699999999999997,0.086
2019,West Virginia,male,0.204,0.17800000000000002,0.066
2019,West Virginia,female,0.192,0.07200000000000001,0.04
2019,Wyoming,male,0.319,0.22399999999999998,0.066
2019,Wyoming,female,0.268,0.129,0.065
2018,Alaska,female,0.298,0.11599999999999999,0.075
2018,Alaska,male,0.32799999999999996,0.198,0.07200000000000001
2018,Alabama,male,0.245,0.17800000000000002,0.071
2018,Alabama,female,0.251,0.079,0.04
2018,Arkansas,female,0.24199999999999997,0.105,0.046
2018,Arkansas,male,0.252,0.192,0.061
2018,Arizona,male,0.325,0.20199999999999999,0.057999999999999996
2018,Arizona,female,0.289,0.113,0.054000000000000006
2018,California,female,0.313,0.10400000000000001,0.052000000000000005
2018,California,male,0.324,0.21899999999999997,0.067
2018,Colorado,female,0.3499999999999999,0.136,0.07200000000000001
2018,Colorado,male,0.3600000000000001,0.248,0.07400000000000001
2018,Connecticut,female,0.3710000000000001,0.132,0.068
2018,Connecticut,male,0.384,0.213,0.061
2018,District of Columbia,male,0.365,0.27399999999999997,0.051
2018,District of Columbia,female,0.324,0.218,0.10400000000000001
2018,Delaware,male,0.31699999999999995,0.212,0.069
2018,Delaware,female,0.31300000000000006,0.11900000000000001,0.06
2018,Florida,female,0.304,0.109,0.066
2018,Florida,male,0.2870000000000001,0.212,0.087
2018,Georgia,female,0.281,0.1,0.051
2018,Georgia,male,0.284,0.195,0.066
2018,Guam,male,0.154,0.275,0.11
2018,Guam,female,0.15599999999999997,0.084,0.038
2018,Hawaii,male,0.22899999999999998,0.256,0.106
2018,Hawaii,female,0.23900000000000002,0.128,0.07
2018,Iowa,male,0.26299999999999996,0.3,0.098
2018,Iowa,female,0.28099999999999997,0.155,0.067
2018,Idaho,male,0.25199999999999995,0.20600000000000002,0.076
2018,Idaho,female,0.253,0.096,0.057999999999999996
2018,Illinois,female,0.32000000000000006,0.122,0.054000000000000006
2018,Illinois,male,0.29200000000000004,0.272,0.085
2018,Indiana,male,0.273,0.212,0.08199999999999999
2018,Indiana,female,0.3,0.114,0.044000000000000004
2018,Kansas,male,0.311,0.21,0.071
2018,Kansas,female,0.32699999999999996,0.107,0.046
2018,Kentucky,female,0.20299999999999996,0.10099999999999999,0.05
2018,Kentucky,male,0.20099999999999996,0.196,0.071
2018,Louisiana,male,0.25,0.22699999999999998,0.08
2018,Louisiana,female,0.264,0.12,0.057999999999999996
2018,Massachusetts,male,0.34700000000000003,0.243,0.08199999999999999
2018,Massachusetts,female,0.36400000000000005,0.158,0.078
2018,Maryland,female,0.341,0.111,0.048
2018,Maryland,male,0.375,0.16399999999999998,0.042
2018,Maine,female,0.355,0.12300000000000001,0.08
2018,Maine,male,0.319,0.218,0.079
2018,Michigan,male,0.29700000000000004,0.237,0.07200000000000001
2018,Michigan,female,0.32199999999999995,0.131,0.057
2018,Minnesota,female,0.363,0.149,0.062
2018,Minnesota,male,0.316,0.258,0.07400000000000001
2018,Missouri,male,0.282,0.213,0.08900000000000001
2018,Missouri,female,0.264,0.142,0.07400000000000001
2018,Mississippi,male,0.19899999999999998,0.193,0.066
2018,Mississippi,female,0.213,0.068,0.032
2018,Montana,female,0.33599999999999997,0.136,0.076
2018,Montana,male,0.32799999999999996,0.22399999999999998,0.07200000000000001
2018,North Carolina,female,0.25299999999999995,0.094,0.051
2018,North Carolina,male,0.285,0.20600000000000002,0.079
2018,North Dakota,female,0.309,0.16399999999999998,0.068
2018,North Dakota,male,0.291,0.273,0.08199999999999999
2018,Nebraska,female,0.326,0.149,0.06
2018,Nebraska,male,0.28400000000000003,0.276,0.08199999999999999
2018,New Hampshire,male,0.354,0.22399999999999998,0.075
2018,New Hampshire,female,0.41100000000000003,0.102,0.071
2018,New Jersey,female,0.402,0.092,0.05
2018,New Jersey,male,0.409,0.18100000000000002,0.053
2018,New Mexico,male,0.30600000000000005,0.20199999999999999,0.063
2018,New Mexico,female,0.276,0.094,0.044000000000000004
2018,Nevada,female,0.301,0.096,0.057
2018,Nevada,male,0.302,0.204,0.062
2018,New York,male,0.336,0.213,0.059000000000000004
2018,New York,female,0.316,0.122,0.057
2018,Ohio,male,0.284,0.20800000000000002,0.07400000000000001
2018,Ohio,female,0.309,0.111,0.051
2018,Oklahoma,male,0.262,0.175,0.053
2018,Oklahoma,female,0.248,0.086,0.032
2018,Oregon,female,0.336,0.125,0.09
2018,Oregon,male,0.365,0.193,0.078
2018,Pennsylvania,female,0.325,0.121,0.057999999999999996
2018,Pennsylvania,male,0.30500000000000005,0.223,0.067
2018,Puerto Rico,male,0.125,0.212,0.083
2018,Puerto Rico,female,0.10100000000000002,0.07400000000000001,0.033
2018,Rhode Island,female,0.3549999999999999,0.127,0.076
2018,Rhode Island,male,0.39599999999999996,0.20600000000000002,0.059000000000000004
2018,South Carolina,male,0.25900000000000006,0.212,0.08
2018,South Carolina,female,0.27799999999999997,0.095,0.051
2018,South Dakota,female,0.289,0.155,0.069
2018,South Dakota,male,0.2729999999999999,0.271,0.102
2018,Tennessee,female,0.25300000000000006,0.099,0.059000000000000004
2018,Tennessee,male,0.24,0.191,0.061
2018,Texas,male,0.284,0.226,0.066
2018,Texas,female,0.275,0.124,0.057999999999999996
2018,Utah,male,0.16500000000000004,0.135,0.042
2018,Utah,female,0.142,0.078,0.033
2018,Virginia,female,0.298,0.11599999999999999,0.057999999999999996
2018,Virginia,male,0.327,0.196,0.059000000000000004
2018,Vermont,male,0.38000000000000006,0.203,0.071
2018,Vermont,female,0.36300000000000004,0.129,0.079
2018,Washington,female,0.33100000000000007,0.11199999999999999,0.063
2018,Washington,male,0.36699999999999994,0.183,0.059000000000000004
2018,Wisconsin,male,0.30400000000000005,0.289,0.081
2018,Wisconsin,female,0.325,0.18899999999999997,0.069
2018,West Virginia,female,0.17799999999999996,0.057999999999999996,0.021
2018,West Virginia,male,0.182,0.187,0.065
2018,Wyoming,female,0.30200000000000005,0.1,0.054000000000000006
2018,Wyoming,male,0.271,0.24600000000000002,0.085
2017,Alaska,female,0.28800000000000003,0.138,0.077
2017,Alaska,male,0.322,0.249,0.091
2017,Alabama,female,0.254,0.08,0.035
2017,Alabama,male,0.262,0.174,0.057999999999999996
2017,Arkansas,female,0.20099999999999998,0.11,0.048
2017,Arkansas,male,0.21900000000000003,0.195,0.068
2017,Arizona,male,0.32,0.205,0.059000000000000004
2017,Arizona,female,0.31,0.102,0.05
2017,California,female,0.32400000000000007,0.12300000000000001,0.06
2017,California,male,0.335,0.231,0.066
2017,Colorado,female,0.363,0.146,0.07200000000000001
2017,Colorado,male,0.37099999999999994,0.233,0.062
2017,Connecticut,female,0.38600000000000007,0.11699999999999999,0.063
2017,Connecticut,male,0.4260000000000001,0.195,0.043
2017,District of Columbia,male,0.3390000000000001,0.316,0.08199999999999999
2017,District of Columbia,female,0.3399999999999999,0.20600000000000002,0.105
2017,Delaware,female,0.32199999999999995,0.11800000000000001,0.066
2017,Delaware,male,0.345,0.18100000000000002,0.057999999999999996
2017,Florida,female,0.302,0.099,0.052000000000000005
2017,Florida,male,0.32699999999999996,0.207,0.066
2017,Georgia,male,0.34700000000000003,0.17300000000000001,0.057999999999999996
2017,Georgia,female,0.26899999999999996,0.08800000000000001,0.051
2017,Guam,female,0.10400000000000001,0.158,0.059000000000000004
2017,Guam,male,0.15900000000000003,0.294,0.09699999999999999
2017,Hawaii,female,0.23600000000000002,0.129,0.069
2017,Hawaii,male,0.23199999999999998,0.261,0.10300000000000001
2017,Iowa,male,0.30000000000000004,0.27399999999999997,0.08800000000000001
2017,Iowa,female,0.32900000000000007,0.14800000000000002,0.057999999999999996
2017,Idaho,male,0.27099999999999996,0.19,0.067
2017,Idaho,female,0.24100000000000002,0.113,0.068
2017,Illinois,male,0.31799999999999995,0.259,0.076
2017,Illinois,female,0.326,0.151,0.05
2017,Indiana,female,0.29,0.11199999999999999,0.048
2017,Indiana,male,0.29200000000000004,0.223,0.07200000000000001
2017,Kansas,male,0.311,0.221,0.069
2017,Kansas,female,0.314,0.124,0.052000000000000005
2017,Kentucky,male,0.218,0.20600000000000002,0.073
2017,Kentucky,female,0.21200000000000002,0.11199999999999999,0.042
2017,Louisiana,male,0.276,0.22699999999999998,0.073
2017,Louisiana,female,0.27099999999999996,0.139,0.063
2017,Massachusetts,female,0.35999999999999993,0.157,0.076
2017,Massachusetts,male,0.37800000000000006,0.223,0.061
2017,Maryland,male,0.37300000000000005,0.192,0.049
2017,Maryland,female,0.344,0.11800000000000001,0.054000000000000006
2017,Maine,male,0.345,0.225,0.085
2017,Maine,female,0.35,0.136,0.09300000000000001
2017,Michigan,female,0.33799999999999997,0.132,0.063
2017,Michigan,male,0.32199999999999995,0.233,0.071
2017,Minnesota,male,0.33899999999999997,0.255,0.066
2017,Minnesota,female,0.36300000000000004,0.14800000000000002,0.069
2017,Missouri,male,0.28600000000000003,0.239,0.067
2017,Missouri,female,0.287,0.14,0.047
2017,Mississippi,male,0.239,0.179,0.071
2017,Mississippi,female,0.24200000000000002,0.079,0.03
2017,Montana,female,0.331,0.13,0.07
2017,Montana,male,0.29900000000000004,0.259,0.086
2017,North Carolina,female,0.292,0.111,0.055999999999999994
2017,North Carolina,male,0.287,0.20199999999999999,0.064
2017,North Dakota,female,0.315,0.16899999999999998,0.069
2017,North Dakota,male,0.30099999999999993,0.29600000000000004,0.079
2017,Nebraska,female,0.342,0.142,0.057999999999999996
2017,Nebraska,male,0.30700000000000005,0.273,0.08199999999999999
2017,New Hampshire,female,0.4,0.133,0.085
2017,New Hampshire,male,0.38299999999999995,0.243,0.067
2017,New Jersey,female,0.3559999999999999,0.111,0.051
2017,New Jersey,male,0.348,0.228,0.057999999999999996
2017,New Mexico,female,0.30300000000000005,0.10300000000000001,0.049
2017,New Mexico,male,0.322,0.193,0.062
2017,Nevada,male,0.306,0.23800000000000002,0.071
2017,Nevada,female,0.27099999999999996,0.12,0.053
2017,New York,female,0.311,0.133,0.061
2017,New York,male,0.355,0.221,0.055999999999999994
2017,Ohio,female,0.29500000000000004,0.125,0.057
2017,Ohio,male,0.26,0.26,0.085
2017,Oklahoma,female,0.23800000000000002,0.08800000000000001,0.035
2017,Oklahoma,male,0.27,0.183,0.049
2017,Oregon,female,0.35200000000000004,0.124,0.081
2017,Oregon,male,0.3789999999999999,0.19699999999999998,0.07200000000000001
2017,Pennsylvania,female,0.32799999999999996,0.135,0.055
2017,Pennsylvania,male,0.30499999999999994,0.233,0.073
2017,Puerto Rico,female,0.09799999999999998,0.068,0.033
2017,Puerto Rico,male,0.139,0.205,0.061
2017,Rhode Island,female,0.373,0.125,0.057
2017,Rhode Island,male,0.3440000000000001,0.24100000000000002,0.079
2017,South Carolina,male,0.26399999999999996,0.213,0.077
2017,South Carolina,female,0.26899999999999996,0.102,0.059000000000000004
2017,South Dakota,female,0.33399999999999996,0.10800000000000001,0.044000000000000004
2017,South Dakota,male,0.297,0.243,0.078
2017,Tennessee,male,0.29300000000000004,0.17300000000000001,0.061
2017,Tennessee,female,0.267,0.094,0.043
2017,Texas,male,0.2799999999999999,0.23199999999999998,0.081
2017,Texas,female,0.249,0.128,0.059000000000000004
2017,Utah,male,0.17300000000000001,0.14800000000000002,0.039
2017,Utah,female,0.13899999999999998,0.084,0.035
2017,Virginia,female,0.32,0.11900000000000001,0.059000000000000004
2017,Virginia,male,0.34800000000000003,0.20199999999999999,0.055999999999999994
2017,Vermont,male,0.377,0.22,0.078
2017,Vermont,female,0.365,0.13,0.08199999999999999
2017,Washington,male,0.368,0.195,0.061
2017,Washington,female,0.35400000000000004,0.11800000000000001,0.068
2017,Wisconsin,male,0.3189999999999999,0.292,0.09
2017,Wisconsin,female,0.382,0.165,0.069
2017,West Virginia,female,0.20199999999999999,0.071,0.027000000000000003
2017,West Virginia,male,0.23499999999999996,0.163,0.045
2017,Wyoming,male,0.26899999999999996,0.228,0.092
2017,Wyoming,female,0.314,0.131,0.059000000000000004
2016,Alaska,male,0.336,0.21,0.06
2016,Alaska,female,0.32699999999999996,0.151,0.061
2016,Alabama,male,0.249,0.17600000000000002,0.066
2016,Alabama,female,0.22599999999999995,0.08800000000000001,0.044000000000000004
2016,Arkansas,male,0.195,0.20600000000000002,0.065
2016,Arkansas,female,0.223,0.098,0.04
2016,Arizona,male,0.309,0.213,0.064
2016,Arizona,female,0.295,0.10099999999999999,0.061
2016,California,male,0.33,0.215,0.057999999999999996
2016,California,female,0.30199999999999994,0.11199999999999999,0.059000000000000004
2016,Colorado,female,0.36199999999999993,0.14,0.071
2016,Colorado,male,0.37300000000000005,0.242,0.064
2016,Connecticut,male,0.386,0.21899999999999997,0.057999999999999996
2016,Connecticut,female,0.387,0.11900000000000001,0.055999999999999994
2016,District of Columbia,male,0.309,0.305,0.096
2016,District of Columbia,female,0.2800000000000001,0.213,0.124
2016,Delaware,male,0.3399999999999999,0.20600000000000002,0.067
2016,Delaware,female,0.31699999999999995,0.13699999999999998,0.061
2016,Florida,male,0.316,0.201,0.073
2016,Florida,female,0.292,0.113,0.064
2016,Georgia,female,0.27399999999999997,0.09699999999999999,0.054000000000000006
2016,Georgia,male,0.311,0.174,0.059000000000000004
2016,Guam,male,0.09,0.298,0.127
2016,Guam,female,0.17800000000000005,0.11199999999999999,0.037000000000000005
2016,Hawaii,male,0.23599999999999993,0.243,0.09
2016,Hawaii,female,0.226,0.128,0.068
2016,Iowa,female,0.32400000000000007,0.154,0.057999999999999996
2016,Iowa,male,0.29700000000000004,0.271,0.081
2016,Idaho,female,0.25699999999999995,0.12,0.061
2016,Idaho,male,0.26300000000000007,0.203,0.079
2016,Illinois,male,0.31800000000000006,0.256,0.075
2016,Illinois,female,0.31699999999999995,0.145,0.061
2016,Indiana,male,0.2749999999999999,0.23199999999999998,0.076
2016,Indiana,female,0.283,0.121,0.055999999999999994
2016,Kansas,female,0.332,0.10400000000000001,0.049
2016,Kansas,male,0.31499999999999995,0.218,0.068
2016,Kentucky,male,0.17900000000000002,0.205,0.083
2016,Kentucky,female,0.21800000000000005,0.092,0.042
2016,Louisiana,male,0.281,0.22399999999999998,0.079
2016,Louisiana,female,0.28800000000000003,0.11699999999999999,0.052000000000000005
2016,Massachusetts,female,0.381,0.138,0.071
2016,Massachusetts,male,0.353,0.223,0.08
2016,Maryland,male,0.359,0.195,0.052000000000000005
2016,Maryland,female,0.3440000000000001,0.114,0.054000000000000006
2016,Maine,female,0.33399999999999996,0.136,0.09
2016,Maine,male,0.34099999999999997,0.23399999999999999,0.083
2016,Michigan,female,0.31800000000000006,0.14400000000000002,0.064
2016,Michigan,male,0.30700000000000005,0.24,0.07400000000000001
2016,Minnesota,female,0.359,0.162,0.076
2016,Minnesota,male,0.338,0.265,0.07400000000000001
2016,Missouri,male,0.28,0.23600000000000002,0.07400000000000001
2016,Missouri,female,0.282,0.134,0.067
2016,Mississippi,female,0.21299999999999997,0.071,0.031
2016,Mississippi,male,0.23799999999999996,0.18,0.065
2016,Montana,male,0.31399999999999995,0.249,0.078
2016,Montana,female,0.32300000000000006,0.13,0.064
2016,North Carolina,male,0.31500000000000006,0.18899999999999997,0.057999999999999996
2016,North Carolina,female,0.24600000000000002,0.107,0.073
2016,North Dakota,male,0.285,0.321,0.081
2016,North Dakota,female,0.338,0.172,0.069
2016,Nebraska,male,0.32799999999999996,0.272,0.08
2016,Nebraska,female,0.3349999999999999,0.131,0.052000000000000005
2016,New Hampshire,male,0.37099999999999994,0.231,0.081
2016,New Hampshire,female,0.395,0.132,0.078
2016,New Jersey,male,0.376,0.203,0.044000000000000004
2016,New Jersey,female,0.349,0.12,0.045
2016,New Mexico,female,0.281,0.095,0.049
2016,New Mexico,male,0.28500000000000003,0.20800000000000002,0.062
2016,Nevada,male,0.33399999999999996,0.2,0.065
2016,Nevada,female,0.27399999999999997,0.11699999999999999,0.062
2016,New York,female,0.3399999999999999,0.128,0.055999999999999994
2016,New York,male,0.33899999999999997,0.22699999999999998,0.064
2016,Ohio,male,0.266,0.235,0.076
2016,Ohio,female,0.309,0.128,0.053
2016,Oklahoma,male,0.25500000000000006,0.16399999999999998,0.048
2016,Oklahoma,female,0.24800000000000005,0.077,0.027000000000000003
2016,Oregon,female,0.361,0.11900000000000001,0.081
2016,Oregon,male,0.36400000000000005,0.20800000000000002,0.07200000000000001
2016,Pennsylvania,male,0.318,0.253,0.07200000000000001
2016,Pennsylvania,female,0.336,0.138,0.064
2016,Puerto Rico,male,0.115,0.18100000000000002,0.065
2016,Puerto Rico,female,0.1,0.077,0.033
2016,Rhode Island,male,0.41,0.21,0.057
2016,Rhode Island,female,0.39199999999999996,0.111,0.061
2016,South Carolina,male,0.264,0.22899999999999998,0.08
2016,South Carolina,female,0.28099999999999997,0.113,0.057
2016,South Dakota,male,0.352,0.244,0.057
2016,South Dakota,female,0.33399999999999996,0.142,0.051
2016,Tennessee,female,0.254,0.098,0.051
2016,Tennessee,male,0.28900000000000003,0.166,0.062
2016,Texas,female,0.24799999999999997,0.11699999999999999,0.059000000000000004
2016,Texas,male,0.264,0.244,0.078
2016,Utah,female,0.141,0.083,0.04
2016,Utah,male,0.14800000000000002,0.16699999999999998,0.055
2016,Virginia,male,0.31799999999999995,0.20199999999999999,0.068
2016,Virginia,female,0.312,0.11800000000000001,0.057999999999999996
2016,Virgin Islands,male,0.32800000000000007,0.22899999999999998,0.07
2016,Virgin Islands,female,0.21199999999999997,0.086,0.04
2016,Vermont,female,0.377,0.138,0.087
2016,Vermont,male,0.35,0.23399999999999999,0.096
2016,Washington,female,0.34099999999999997,0.122,0.07200000000000001
2016,Washington,male,0.36300000000000004,0.207,0.069
2016,Wisconsin,male,0.3189999999999999,0.297,0.095
2016,Wisconsin,female,0.35900000000000004,0.195,0.08199999999999999
2016,West Virginia,female,0.193,0.062,0.025
2016,West Virginia,male,0.22899999999999998,0.168,0.046
2016,Wyoming,male,0.319,0.242,0.071
2016,Wyoming,female,0.295,0.125,0.046
2015,Alaska,female,0.251,0.16399999999999998,0.109
2015,Alaska,male,0.28700000000000003,0.239,0.064
2015,Alabama,male,0.25799999999999995,0.162,0.057999999999999996
2015,Alabama,female,0.22800000000000004,0.07400000000000001,0.04
2015,Arkansas,female,0.22,0.08800000000000001,0.037000000000000005
2015,Arkansas,male,0.23200000000000004,0.198,0.071
2015,Arizona,female,0.29100000000000004,0.084,0.040999999999999995
2015,Arizona,male,0.3,0.203,0.063
2015,California,female,0.30000000000000004,0.11699999999999999,0.054000000000000006
2015,California,male,0.337,0.214,0.061
2015,Colorado,female,0.37200000000000005,0.124,0.06
2015,Colorado,male,0.37599999999999995,0.23,0.057
2015,Connecticut,male,0.38900000000000007,0.231,0.064
2015,Connecticut,female,0.402,0.111,0.057999999999999996
2015,District of Columbia,female,0.296,0.21899999999999997,0.11800000000000001
2015,District of Columbia,male,0.3139999999999999,0.331,0.061
2015,Delaware,female,0.29400000000000004,0.124,0.048
2015,Delaware,male,0.36400000000000005,0.17800000000000002,0.06
2015,Florida,male,0.335,0.205,0.06
2015,Florida,female,0.305,0.11,0.061
2015,Georgia,female,0.25900000000000006,0.102,0.051
2015,Georgia,male,0.2859999999999999,0.20800000000000002,0.055
2015,Guam,female,0.158,0.114,0.052000000000000005
2015,Guam,male,0.127,0.308,0.11
2015,Hawaii,female,0.255,0.11699999999999999,0.057999999999999996
2015,Hawaii,male,0.249,0.261,0.095
2015,Iowa,female,0.325,0.133,0.048
2015,Iowa,male,0.31999999999999995,0.266,0.07
2015,Idaho,female,0.261,0.098,0.046
2015,Idaho,male,0.27899999999999997,0.18600000000000003,0.061
2015,Illinois,female,0.32299999999999995,0.14400000000000002,0.055999999999999994
2015,Illinois,male,0.31200000000000006,0.264,0.069
2015,Indiana,female,0.2909999999999999,0.098,0.04
2015,Indiana,male,0.27599999999999997,0.22,0.067
2015,Kansas,male,0.312,0.214,0.062
2015,Kansas,female,0.314,0.10099999999999999,0.040999999999999995
2015,Kentucky,female,0.19499999999999995,0.096,0.038
2015,Kentucky,male,0.19700000000000004,0.214,0.081
2015,Louisiana,female,0.256,0.122,0.06
2015,Louisiana,male,0.235,0.228,0.073
2015,Massachusetts,male,0.35,0.233,0.07200000000000001
2015,Massachusetts,female,0.35999999999999993,0.127,0.071
2015,Maryland,male,0.387,0.179,0.048
2015,Maryland,female,0.32699999999999996,0.10800000000000001,0.051
2015,Maine,female,0.3340000000000001,0.13,0.078
2015,Maine,male,0.33,0.226,0.084
2015,Michigan,female,0.322,0.129,0.055999999999999994
2015,Michigan,male,0.316,0.245,0.075
2015,Minnesota,female,0.364,0.14,0.066
2015,Minnesota,male,0.34800000000000003,0.252,0.064
2015,Missouri,male,0.28200000000000003,0.22,0.08
2015,Missouri,female,0.28700000000000003,0.11599999999999999,0.044000000000000004
2015,Mississippi,male,0.228,0.18100000000000002,0.057999999999999996
2015,Mississippi,female,0.20900000000000002,0.062,0.034
2015,Montana,male,0.29799999999999993,0.265,0.083
2015,Montana,female,0.311,0.132,0.071
2015,North Carolina,male,0.29100000000000004,0.188,0.057999999999999996
2015,North Carolina,female,0.26399999999999996,0.09300000000000001,0.036000000000000004
2015,North Dakota,female,0.318,0.16899999999999998,0.057999999999999996
2015,North Dakota,male,0.29,0.31,0.073
2015,Nebraska,male,0.308,0.26,0.07
2015,Nebraska,female,0.33899999999999997,0.131,0.046
2015,New Hampshire,female,0.407,0.11800000000000001,0.066
2015,New Hampshire,male,0.408,0.215,0.063
2015,New Jersey,female,0.342,0.11599999999999999,0.049
2015,New Jersey,male,0.373,0.20800000000000002,0.047
2015,New Mexico,female,0.298,0.086,0.036000000000000004
2015,New Mexico,male,0.305,0.174,0.054000000000000006
2015,Nevada,female,0.29600000000000004,0.084,0.06
2015,Nevada,male,0.30800000000000005,0.20199999999999999,0.064
2015,New York,male,0.34,0.22,0.06
2015,New York,female,0.31799999999999995,0.11900000000000001,0.051
2015,Ohio,female,0.30000000000000004,0.129,0.052000000000000005
2015,Ohio,male,0.271,0.24,0.07
2015,Oklahoma,female,0.236,0.086,0.032
2015,Oklahoma,male,0.25500000000000006,0.18,0.052000000000000005
2015,Oregon,female,0.354,0.131,0.07200000000000001
2015,Oregon,male,0.3560000000000001,0.203,0.073
2015,Pennsylvania,female,0.32899999999999996,0.11699999999999999,0.046
2015,Pennsylvania,male,0.314,0.226,0.067
2015,Puerto Rico,female,0.08800000000000001,0.064,0.026000000000000002
2015,Puerto Rico,male,0.12499999999999999,0.201,0.069
2015,Rhode Island,female,0.386,0.114,0.057999999999999996
2015,Rhode Island,male,0.37799999999999995,0.21,0.065
2015,South Carolina,female,0.267,0.10099999999999999,0.047
2015,South Carolina,male,0.263,0.209,0.08199999999999999
2015,South Dakota,female,0.326,0.12,0.04
2015,South Dakota,male,0.36800000000000005,0.21899999999999997,0.055
2015,Tennessee,female,0.24000000000000005,0.07,0.042
2015,Tennessee,male,0.273,0.14,0.053
2015,Texas,female,0.28300000000000003,0.099,0.047
2015,Texas,male,0.27699999999999997,0.222,0.069
2015,Utah,female,0.144,0.078,0.03
2015,Utah,male,0.16099999999999998,0.155,0.042
2015,Virginia,female,0.30300000000000005,0.122,0.055999999999999994
2015,Virginia,male,0.335,0.207,0.062
2015,Vermont,female,0.37200000000000005,0.122,0.07
2015,Vermont,male,0.344,0.225,0.084
2015,Washington,male,0.38199999999999995,0.19399999999999998,0.057
2015,Washington,female,0.337,0.129,0.07
2015,Wisconsin,female,0.352,0.171,0.077
2015,Wisconsin,male,0.322,0.289,0.08800000000000001
2015,West Virginia,male,0.21699999999999997,0.165,0.046
2015,West Virginia,female,0.183,0.05,0.024
2015,Wyoming,female,0.311,0.105,0.055999999999999994
2015,Wyoming,male,0.31000000000000005,0.213,0.067
2014,Alaska,male,0.267,0.253,0.08800000000000001
2014,Alaska,female,0.287,0.14800000000000002,0.08800000000000001
2014,Alabama,male,0.24900000000000003,0.179,0.052000000000000005
2014,Alabama,female,0.223,0.068,0.039
2014,Arkansas,male,0.23800000000000004,0.179,0.06
2014,Arkansas,female,0.19400000000000003,0.08900000000000001,0.042
2014,Arizona,male,0.305,0.21100000000000002,0.061
2014,Arizona,female,0.314,0.091,0.055
2014,California,male,0.3439999999999999,0.203,0.062
2014,California,female,0.302,0.111,0.053
2014,Colorado,male,0.387,0.228,0.063
2014,Colorado,female,0.358,0.122,0.068
2014,Connecticut,male,0.41200000000000003,0.20800000000000002,0.048
2014,Connecticut,female,0.37400000000000005,0.113,0.065
2014,District of Columbia,male,0.32299999999999995,0.312,0.068
2014,District of Columbia,female,0.3459999999999999,0.19399999999999998,0.10800000000000001
2014,Delaware,male,0.337,0.21,0.048
2014,Delaware,female,0.305,0.109,0.055
2014,Florida,male,0.34,0.198,0.073
2014,Florida,female,0.314,0.106,0.062
2014,Georgia,male,0.298,0.196,0.062
2014,Georgia,female,0.276,0.092,0.044000000000000004
2014,Guam,male,0.12100000000000004,0.33799999999999997,0.141
2014,Guam,female,0.175,0.122,0.033
2014,Hawaii,male,0.231,0.28,0.094
2014,Hawaii,female,0.23600000000000002,0.114,0.064
2014,Iowa,male,0.2980000000000001,0.27899999999999997,0.077
2014,Iowa,female,0.32299999999999995,0.151,0.05
2014,Idaho,male,0.2699999999999999,0.20800000000000002,0.055999999999999994
2014,Idaho,female,0.30199999999999994,0.091,0.045
2014,Illinois,male,0.29500000000000004,0.275,0.07200000000000001
2014,Illinois,female,0.31700000000000006,0.133,0.057
2014,Indiana,male,0.28,0.19899999999999998,0.069
2014,Indiana,female,0.27699999999999997,0.1,0.036000000000000004
2014,Kansas,male,0.29300000000000004,0.228,0.066
2014,Kansas,female,0.316,0.092,0.037000000000000005
2014,Kentucky,male,0.18199999999999997,0.18100000000000002,0.071
2014,Kentucky,female,0.19899999999999998,0.076,0.039
2014,Louisiana,male,0.262,0.214,0.07400000000000001
2014,Louisiana,female,0.27599999999999997,0.111,0.055999999999999994
2014,Massachusetts,male,0.36899999999999994,0.23,0.07200000000000001
2014,Massachusetts,female,0.381,0.124,0.068
2014,Maryland,male,0.352,0.198,0.051
2014,Maryland,female,0.30200000000000005,0.115,0.054000000000000006
2014,Maine,male,0.338,0.23,0.079
2014,Maine,female,0.36200000000000004,0.115,0.064
2014,Michigan,male,0.3,0.24,0.075
2014,Michigan,female,0.32300000000000006,0.14300000000000002,0.061
2014,Minnesota,male,0.34,0.24600000000000002,0.066
2014,Minnesota,female,0.373,0.14800000000000002,0.063
2014,Missouri,male,0.23600000000000002,0.207,0.068
2014,Missouri,female,0.26899999999999996,0.098,0.037000000000000005
2014,Mississippi,male,0.22699999999999995,0.185,0.061
2014,Mississippi,female,0.20800000000000002,0.076,0.027000000000000003
2014,Montana,male,0.31699999999999995,0.253,0.081
2014,Montana,female,0.34800000000000003,0.125,0.068
2014,North Carolina,male,0.288,0.196,0.064
2014,North Carolina,female,0.26099999999999995,0.083,0.039
2014,North Dakota,male,0.287,0.299,0.08199999999999999
2014,North Dakota,female,0.32299999999999995,0.17800000000000002,0.052000000000000005
2014,Nebraska,male,0.30900000000000005,0.268,0.075
2014,Nebraska,female,0.34,0.141,0.053
2014,New Hampshire,male,0.3789999999999999,0.21600000000000003,0.071
2014,New Hampshire,female,0.392,0.124,0.07
2014,New Jersey,male,0.379,0.205,0.049
2014,New Jersey,female,0.33399999999999996,0.11599999999999999,0.048
2014,New Mexico,male,0.29600000000000004,0.205,0.069
2014,New Mexico,female,0.271,0.07400000000000001,0.045
2014,Nevada,male,0.255,0.21600000000000003,0.081
2014,Nevada,female,0.29900000000000004,0.10400000000000001,0.057999999999999996
2014,New York,male,0.37,0.184,0.045
2014,New York,female,0.322,0.11900000000000001,0.054000000000000006
2014,Ohio,male,0.274,0.24100000000000002,0.077
2014,Ohio,female,0.297,0.125,0.052000000000000005
2014,Oklahoma,male,0.26699999999999996,0.18600000000000003,0.055999999999999994
2014,Oklahoma,female,0.23199999999999998,0.07400000000000001,0.023
2014,Oregon,male,0.3449999999999999,0.20800000000000002,0.081
2014,Oregon,female,0.35,0.126,0.073
2014,Pennsylvania,male,0.30599999999999994,0.23199999999999998,0.07
2014,Pennsylvania,female,0.33,0.107,0.052000000000000005
2014,Puerto Rico,male,0.15100000000000002,0.188,0.052000000000000005
2014,Puerto Rico,female,0.09600000000000002,0.085,0.027000000000000003
2014,Rhode Island,male,0.381,0.252,0.064
2014,Rhode Island,female,0.39199999999999996,0.122,0.059000000000000004
2014,South Carolina,male,0.284,0.19699999999999998,0.07200000000000001
2014,South Carolina,female,0.263,0.09,0.047
2014,South Dakota,male,0.326,0.22899999999999998,0.052000000000000005
2014,South Dakota,female,0.33799999999999997,0.121,0.047
2014,Tennessee,male,0.257,0.157,0.051
2014,Tennessee,female,0.26,0.059000000000000004,0.031
2014,Texas,male,0.263,0.221,0.073
2014,Texas,female,0.254,0.10800000000000001,0.045
2014,Utah,male,0.15599999999999997,0.153,0.039
2014,Utah,female,0.146,0.075,0.027999999999999997
2014,Virginia,male,0.31799999999999995,0.2,0.055999999999999994
2014,Virginia,female,0.30700000000000005,0.107,0.05
2014,Vermont,male,0.35700000000000004,0.235,0.08800000000000001
2014,Vermont,female,0.38699999999999996,0.127,0.094
2014,Washington,male,0.35200000000000004,0.22399999999999998,0.069
2014,Washington,female,0.359,0.11900000000000001,0.067
2014,Wisconsin,male,0.32599999999999996,0.293,0.077
2014,Wisconsin,female,0.352,0.15,0.066
2014,West Virginia,male,0.217,0.145,0.052000000000000005
2014,West Virginia,female,0.17299999999999996,0.05,0.021
2014,Wyoming,male,0.2729999999999999,0.23800000000000002,0.073
2014,Wyoming,female,0.29200000000000004,0.10300000000000001,0.052000000000000005
2013,Alaska,male,0.27399999999999997,0.23800000000000002,0.081
2013,Alaska,female,0.279,0.149,0.083
2013,Alabama,male,0.268,0.163,0.055999999999999994
2013,Alabama,female,0.231,0.065,0.03
2013,Arkansas,male,0.23399999999999999,0.175,0.059000000000000004
2013,Arkansas,female,0.21100000000000002,0.08,0.040999999999999995
2013,Arizona,male,0.30700000000000005,0.18,0.085
2013,Arizona,female,0.33,0.091,0.040999999999999995
2013,California,male,0.31499999999999995,0.233,0.066
2013,California,female,0.318,0.11900000000000001,0.062
2013,Colorado,male,0.373,0.23600000000000002,0.069
2013,Colorado,female,0.361,0.135,0.065
2013,Connecticut,male,0.386,0.243,0.061
2013,Connecticut,female,0.377,0.125,0.065
2013,District of Columbia,male,0.342,0.282,0.057999999999999996
2013,District of Columbia,female,0.368,0.171,0.07
2013,Delaware,male,0.343,0.22399999999999998,0.077
2013,Delaware,female,0.32799999999999996,0.12,0.055999999999999994
2013,Florida,male,0.31599999999999995,0.217,0.085
2013,Florida,female,0.322,0.099,0.06
2013,Georgia,male,0.314,0.17300000000000001,0.055999999999999994
2013,Georgia,female,0.275,0.09300000000000001,0.038
2013,Guam,male,0.11200000000000002,0.33799999999999997,0.114
2013,Guam,female,0.14600000000000002,0.084,0.026000000000000002
2013,Hawaii,male,0.22799999999999998,0.254,0.096
2013,Hawaii,female,0.24100000000000002,0.113,0.055999999999999994
2013,Iowa,male,0.267,0.285,0.084
2013,Iowa,female,0.312,0.151,0.047
2013,Idaho,male,0.299,0.18899999999999997,0.066
2013,Idaho,female,0.271,0.11,0.059000000000000004
2013,Illinois,male,0.288,0.284,0.07400000000000001
2013,Illinois,female,0.29000000000000004,0.155,0.057
2013,Indiana,male,0.289,0.20199999999999999,0.061
2013,Indiana,female,0.275,0.10300000000000001,0.044000000000000004
2013,Kansas,male,0.312,0.217,0.057999999999999996
2013,Kansas,female,0.31800000000000006,0.09300000000000001,0.034
2013,Kentucky,male,0.19500000000000003,0.185,0.067
2013,Kentucky,female,0.20199999999999999,0.086,0.033
2013,Louisiana,male,0.24900000000000003,0.22,0.078
2013,Louisiana,female,0.277,0.111,0.049
2013,Massachusetts,male,0.3560000000000001,0.255,0.083
2013,Massachusetts,female,0.3789999999999999,0.138,0.067
2013,Maryland,male,0.36800000000000005,0.18899999999999997,0.055
2013,Maryland,female,0.33299999999999996,0.10099999999999999,0.05
2013,Maine,male,0.3289999999999999,0.222,0.077
2013,Maine,female,0.35400000000000004,0.125,0.068
2013,Michigan,male,0.309,0.242,0.069
2013,Michigan,female,0.319,0.139,0.057
2013,Minnesota,male,0.335,0.27,0.078
2013,Minnesota,female,0.36900000000000005,0.152,0.068
2013,Missouri,male,0.24799999999999997,0.235,0.076
2013,Missouri,female,0.258,0.113,0.045
2013,Mississippi,male,0.233,0.165,0.053
2013,Mississippi,female,0.204,0.087,0.032
2013,Montana,male,0.29300000000000004,0.273,0.079
2013,Montana,female,0.31400000000000006,0.14300000000000002,0.075
2013,North Carolina,male,0.28,0.179,0.05
2013,North Carolina,female,0.248,0.086,0.048
2013,North Dakota,male,0.252,0.322,0.1
2013,North Dakota,female,0.34600000000000003,0.155,0.044000000000000004
2013,Nebraska,male,0.30799999999999994,0.252,0.073
2013,Nebraska,female,0.30499999999999994,0.15,0.063
2013,New Hampshire,male,0.391,0.217,0.064
2013,New Hampshire,female,0.414,0.12300000000000001,0.066
2013,New Jersey,male,0.389,0.215,0.051
2013,New Jersey,female,0.35700000000000004,0.11599999999999999,0.049
2013,New Mexico,male,0.30599999999999994,0.201,0.066
2013,New Mexico,female,0.254,0.091,0.052000000000000005
2013,Nevada,male,0.317,0.21100000000000002,0.068
2013,Nevada,female,0.31999999999999995,0.092,0.073
2013,New York,male,0.337,0.233,0.063
2013,New York,female,0.30499999999999994,0.121,0.057
2013,Ohio,male,0.311,0.225,0.064
2013,Ohio,female,0.3,0.121,0.051
2013,Oklahoma,male,0.26799999999999996,0.177,0.055
2013,Oklahoma,female,0.23600000000000002,0.079,0.03
2013,Oregon,male,0.3570000000000001,0.20800000000000002,0.079
2013,Oregon,female,0.36,0.124,0.09300000000000001
2013,Pennsylvania,male,0.29900000000000004,0.242,0.075
2013,Pennsylvania,female,0.32400000000000007,0.10800000000000001,0.045
2013,Puerto Rico,male,0.11899999999999997,0.23600000000000002,0.079
2013,Puerto Rico,female,0.10899999999999999,0.075,0.025
2013,Rhode Island,male,0.387,0.23399999999999999,0.061
2013,Rhode Island,female,0.38699999999999996,0.127,0.061
2013,South Carolina,male,0.271,0.212,0.066
2013,South Carolina,female,0.28600000000000003,0.09300000000000001,0.048
2013,South Dakota,male,0.3390000000000001,0.25,0.063
2013,South Dakota,female,0.32799999999999996,0.135,0.042
2013,Tennessee,male,0.285,0.131,0.037000000000000005
2013,Tennessee,female,0.21,0.065,0.027999999999999997
2013,Texas,male,0.271,0.235,0.071
2013,Texas,female,0.26299999999999996,0.102,0.048
2013,Utah,male,0.15,0.162,0.052000000000000005
2013,Utah,female,0.126,0.085,0.039
2013,Virginia,male,0.32,0.221,0.065
2013,Virginia,female,0.28900000000000003,0.10300000000000001,0.048
2013,Vermont,male,0.37800000000000006,0.225,0.071
2013,Vermont,female,0.39399999999999996,0.121,0.071
2013,Washington,male,0.36499999999999994,0.213,0.061
2013,Washington,female,0.342,0.124,0.07
2013,Wisconsin,male,0.31800000000000006,0.28800000000000003,0.084
2013,Wisconsin,female,0.366,0.16399999999999998,0.073
2013,West Virginia,male,0.22900000000000006,0.159,0.049
2013,West Virginia,female,0.153,0.067,0.027999999999999997
2013,Wyoming,male,0.31300000000000006,0.223,0.064
2013,Wyoming,female,0.30000000000000004,0.107,0.052000000000000005
2012,Alaska,male,0.32,0.205,0.07
2012,Alaska,female,0.344,0.127,0.061
2012,Alabama,male,0.21899999999999997,0.182,0.067
2012,Alabama,female,0.22700000000000004,0.07,0.039
2012,Arkansas,male,0.271,0.163,0.047
2012,Arkansas,female,0.213,0.077,0.035
2012,Arizona,male,0.34199999999999997,0.212,0.054000000000000006
2012,Arizona,female,0.31600000000000006,0.09699999999999999,0.048
2012,California,male,0.32299999999999995,0.23199999999999998,0.065
2012,California,female,0.33,0.109,0.052000000000000005
2012,Colorado,male,0.368,0.247,0.057
2012,Colorado,female,0.345,0.138,0.073
2012,Connecticut,male,0.38500000000000006,0.22899999999999998,0.065
2012,Connecticut,female,0.387,0.126,0.064
2012,District of Columbia,male,0.34099999999999997,0.272,0.07
2012,District of Columbia,female,0.305,0.196,0.09
2012,Delaware,male,0.288,0.23600000000000002,0.075
2012,Delaware,female,0.30500000000000005,0.14,0.062
2012,Florida,male,0.325,0.221,0.076
2012,Florida,female,0.309,0.114,0.066
2012,Georgia,male,0.302,0.19399999999999998,0.057
2012,Georgia,female,0.26699999999999996,0.098,0.044000000000000004
2012,Guam,male,0.13200000000000003,0.287,0.11800000000000001
2012,Guam,female,0.14800000000000002,0.098,0.03
2012,Hawaii,male,0.26,0.257,0.092
2012,Hawaii,female,0.23299999999999998,0.11,0.055999999999999994
2012,Iowa,male,0.275,0.285,0.077
2012,Iowa,female,0.2929999999999999,0.153,0.048
2012,Idaho,male,0.283,0.179,0.066
2012,Idaho,female,0.261,0.105,0.049
2012,Illinois,male,0.303,0.29,0.065
2012,Illinois,female,0.32899999999999996,0.146,0.057999999999999996
2012,Indiana,male,0.30199999999999994,0.21600000000000003,0.061
2012,Indiana,female,0.27699999999999997,0.106,0.040999999999999995
2012,Kansas,male,0.27899999999999997,0.223,0.069
2012,Kansas,female,0.30400000000000005,0.095,0.037000000000000005
2012,Kentucky,male,0.19599999999999998,0.21100000000000002,0.077
2012,Kentucky,female,0.212,0.092,0.031
2012,Louisiana,male,0.24600000000000002,0.24100000000000002,0.08900000000000001
2012,Louisiana,female,0.26,0.09699999999999999,0.051
2012,Massachusetts,male,0.3529999999999999,0.256,0.077
2012,Massachusetts,female,0.38,0.14400000000000002,0.07200000000000001
2012,Maryland,male,0.36900000000000005,0.217,0.057999999999999996
2012,Maryland,female,0.32799999999999996,0.11699999999999999,0.052000000000000005
2012,Maine,male,0.341,0.24,0.069
2012,Maine,female,0.35,0.11900000000000001,0.066
2012,Michigan,male,0.31299999999999994,0.247,0.065
2012,Michigan,female,0.31000000000000005,0.14,0.057
2012,Minnesota,male,0.33299999999999996,0.285,0.068
2012,Minnesota,female,0.37200000000000005,0.155,0.057999999999999996
2012,Missouri,male,0.23199999999999998,0.235,0.08199999999999999
2012,Missouri,female,0.265,0.115,0.046
2012,Mississippi,male,0.23299999999999998,0.179,0.066
2012,Mississippi,female,0.21,0.07,0.028999999999999998
2012,Montana,male,0.28600000000000003,0.273,0.091
2012,Montana,female,0.305,0.163,0.08
2012,North Carolina,male,0.29700000000000004,0.185,0.054000000000000006
2012,North Carolina,female,0.258,0.08199999999999999,0.045
2012,North Dakota,male,0.30199999999999994,0.3,0.076
2012,North Dakota,female,0.3,0.18100000000000002,0.053
2012,Nebraska,male,0.311,0.29100000000000004,0.085
2012,Nebraska,female,0.32800000000000007,0.155,0.059000000000000004
2012,New Hampshire,male,0.37500000000000006,0.22,0.079
2012,New Hampshire,female,0.392,0.12300000000000001,0.067
2012,New Jersey,male,0.3770000000000001,0.23800000000000002,0.054000000000000006
2012,New Jersey,female,0.365,0.121,0.051
2012,New Mexico,male,0.28300000000000003,0.203,0.062
2012,New Mexico,female,0.254,0.092,0.048
2012,Nevada,male,0.32900000000000007,0.207,0.073
2012,Nevada,female,0.30500000000000005,0.094,0.057
2012,New York,male,0.327,0.233,0.06
2012,New York,female,0.357,0.11199999999999999,0.040999999999999995
2012,Ohio,male,0.303,0.235,0.071
2012,Ohio,female,0.28,0.13,0.055999999999999994
2012,Oklahoma,male,0.252,0.19699999999999998,0.062
2012,Oklahoma,female,0.235,0.09300000000000001,0.032
2012,Oregon,male,0.342,0.20199999999999999,0.07200000000000001
2012,Oregon,female,0.36700000000000005,0.107,0.073
2012,Pennsylvania,male,0.308,0.23600000000000002,0.068
2012,Pennsylvania,female,0.33,0.126,0.048
2012,Puerto Rico,male,0.136,0.218,0.078
2012,Puerto Rico,female,0.11500000000000002,0.076,0.025
2012,Rhode Island,male,0.37099999999999994,0.226,0.064
2012,Rhode Island,female,0.38,0.12300000000000001,0.06
2012,South Carolina,male,0.26199999999999996,0.218,0.071
2012,South Carolina,female,0.26099999999999995,0.096,0.048
2012,South Dakota,male,0.29700000000000004,0.27399999999999997,0.071
2012,South Dakota,female,0.34,0.139,0.047
2012,Tennessee,male,0.252,0.166,0.044000000000000004
2012,Tennessee,female,0.223,0.065,0.028999999999999998
2012,Texas,male,0.258,0.24100000000000002,0.087
2012,Texas,female,0.27899999999999997,0.08800000000000001,0.036000000000000004
2012,Utah,male,0.15400000000000003,0.152,0.04
2012,Utah,female,0.133,0.07200000000000001,0.03
2012,Virginia,male,0.331,0.205,0.054000000000000006
2012,Virginia,female,0.30800000000000005,0.11199999999999999,0.054000000000000006
2012,Vermont,male,0.38499999999999995,0.251,0.07
2012,Vermont,female,0.384,0.14,0.08
2012,Washington,male,0.37199999999999994,0.217,0.059000000000000004
2012,Washington,female,0.353,0.12300000000000001,0.068
2012,Wisconsin,male,0.29799999999999993,0.305,0.083
2012,Wisconsin,female,0.313,0.20199999999999999,0.087
2012,West Virginia,male,0.2,0.155,0.051
2012,West Virginia,female,0.16400000000000003,0.052000000000000005,0.02
2012,Wyoming,male,0.327,0.23199999999999998,0.07200000000000001
2012,Wyoming,female,0.30699999999999994,0.10800000000000001,0.049
2011,Alaska,male,0.29,0.26,0.083
2011,Alaska,female,0.308,0.156,0.065
2011,Alabama,male,0.23200000000000004,0.20199999999999999,0.066
2011,Alabama,female,0.217,0.079,0.038
2011,Arkansas,male,0.21800000000000005,0.192,0.081
2011,Arkansas,female,0.22,0.092,0.043
2011,Arizona,male,0.32,0.23600000000000002,0.079
2011,Arizona,female,0.31499999999999995,0.11699999999999999,0.057999999999999996
2011,California,male,0.321,0.252,0.064
2011,California,female,0.324,0.121,0.06
2011,Colorado,male,0.3760000000000001,0.263,0.063
2011,Colorado,female,0.373,0.14,0.071
2011,Connecticut,male,0.37199999999999994,0.244,0.067
2011,Connecticut,female,0.42200000000000004,0.11900000000000001,0.064
2011,District of Columbia,male,0.335,0.314,0.08199999999999999
2011,District of Columbia,female,0.32099999999999995,0.195,0.10800000000000001
2011,Delaware,male,0.3,0.273,0.09
2011,Delaware,female,0.33399999999999996,0.139,0.06
2011,Florida,male,0.31799999999999995,0.226,0.084
2011,Florida,female,0.325,0.12,0.068
2011,Georgia,male,0.284,0.225,0.075
2011,Georgia,female,0.27399999999999997,0.111,0.051
2011,Guam,male,0.166,0.281,0.09
2011,Guam,female,0.16800000000000004,0.084,0.044000000000000004
2011,Hawaii,male,0.22699999999999995,0.308,0.09300000000000001
2011,Hawaii,female,0.256,0.12300000000000001,0.055
2011,Iowa,male,0.264,0.308,0.10800000000000001
2011,Iowa,female,0.32400000000000007,0.158,0.055
2011,Idaho,male,0.258,0.22,0.07200000000000001
2011,Idaho,female,0.265,0.11199999999999999,0.052000000000000005
2011,Illinois,male,0.25000000000000006,0.302,0.102
2011,Illinois,female,0.332,0.161,0.068
2011,Indiana,male,0.261,0.23399999999999999,0.085
2011,Indiana,female,0.29400000000000004,0.125,0.038
2011,Kansas,male,0.295,0.231,0.066
2011,Kansas,female,0.2879999999999999,0.11199999999999999,0.043
2011,Kentucky,male,0.21199999999999997,0.226,0.071
2011,Kentucky,female,0.214,0.102,0.043
2011,Louisiana,male,0.2700000000000001,0.22699999999999998,0.07400000000000001
2011,Louisiana,female,0.27599999999999997,0.102,0.052000000000000005
2011,Massachusetts,male,0.36,0.254,0.079
2011,Massachusetts,female,0.36200000000000004,0.161,0.079
2011,Maryland,male,0.352,0.23,0.066
2011,Maryland,female,0.32400000000000007,0.134,0.057999999999999996
2011,Maine,male,0.3340000000000001,0.22899999999999998,0.094
2011,Maine,female,0.37300000000000005,0.11900000000000001,0.064
2011,Michigan,male,0.286,0.273,0.087
2011,Michigan,female,0.32900000000000007,0.127,0.055
2011,Minnesota,male,0.30999999999999994,0.29100000000000004,0.085
2011,Minnesota,female,0.36,0.155,0.073
2011,Missouri,male,0.23,0.261,0.096
2011,Missouri,female,0.28700000000000003,0.129,0.051
2011,Mississippi,male,0.22899999999999995,0.21600000000000003,0.068
2011,Mississippi,female,0.23299999999999998,0.078,0.027999999999999997
2011,Montana,male,0.2890000000000001,0.273,0.08199999999999999
2011,Montana,female,0.317,0.145,0.07
2011,North Carolina,male,0.2809999999999999,0.213,0.065
2011,North Carolina,female,0.261,0.09699999999999999,0.049
2011,North Dakota,male,0.2940000000000001,0.313,0.077
2011,North Dakota,female,0.348,0.165,0.052000000000000005
2011,Nebraska,male,0.28300000000000003,0.302,0.092
2011,Nebraska,female,0.34600000000000003,0.157,0.059000000000000004
2011,New Hampshire,male,0.36200000000000004,0.248,0.085
2011,New Hampshire,female,0.41300000000000003,0.129,0.075
2011,New Jersey,male,0.36400000000000005,0.24100000000000002,0.059000000000000004
2011,New Jersey,female,0.38,0.127,0.06
2011,New Mexico,male,0.288,0.23,0.066
2011,New Mexico,female,0.288,0.10099999999999999,0.05
2011,Nevada,male,0.32799999999999996,0.239,0.079
2011,Nevada,female,0.30499999999999994,0.132,0.055999999999999994
2011,New York,male,0.349,0.251,0.067
2011,New York,female,0.33899999999999997,0.14400000000000002,0.057
2011,Ohio,male,0.2809999999999999,0.266,0.081
2011,Ohio,female,0.302,0.14,0.053
2011,Oklahoma,male,0.22799999999999998,0.242,0.069
2011,Oklahoma,female,0.24300000000000005,0.09300000000000001,0.040999999999999995
2011,Oregon,male,0.3559999999999999,0.214,0.071
2011,Oregon,female,0.35800000000000004,0.11699999999999999,0.07400000000000001
2011,Pennsylvania,male,0.31199999999999994,0.24100000000000002,0.08
2011,Pennsylvania,female,0.33199999999999996,0.13,0.052000000000000005
2011,Puerto Rico,male,0.142,0.24100000000000002,0.08199999999999999
2011,Puerto Rico,female,0.12499999999999999,0.078,0.028999999999999998
2011,Rhode Island,male,0.34099999999999997,0.27,0.07200000000000001
2011,Rhode Island,female,0.37999999999999995,0.131,0.062
2011,South Carolina,male,0.253,0.218,0.077
2011,South Carolina,female,0.247,0.09699999999999999,0.055
2011,South Dakota,male,0.2770000000000001,0.287,0.07200000000000001
2011,South Dakota,female,0.33899999999999997,0.157,0.046
2011,Tennessee,male,0.25499999999999995,0.151,0.043
2011,Tennessee,female,0.231,0.055999999999999994,0.025
2011,Texas,male,0.26599999999999996,0.263,0.087
2011,Texas,female,0.302,0.11699999999999999,0.053
2011,Utah,male,0.135,0.17,0.051
2011,Utah,female,0.133,0.07,0.032
2011,Virginia,male,0.322,0.225,0.063
2011,Virginia,female,0.31299999999999994,0.136,0.064
2011,Vermont,male,0.36899999999999994,0.247,0.09699999999999999
2011,Vermont,female,0.396,0.126,0.07
2011,Washington,male,0.343,0.21899999999999997,0.057999999999999996
2011,Washington,female,0.33,0.13699999999999998,0.07200000000000001
2011,Wisconsin,male,0.2770000000000001,0.313,0.114
2011,Wisconsin,female,0.382,0.174,0.08199999999999999
2011,West Virginia,male,0.2,0.155,0.055
2011,West Virginia,female,0.15600000000000003,0.052000000000000005,0.025
2011,Wyoming,male,0.25999999999999995,0.267,0.083
2011,Wyoming,female,0.311,0.11,0.048
