state,is_ped,direct_alc_attributable,n,pct
Alabama,FALSE,TRUE,2481,9.146543778801844
Alabama,TRUE,TRUE,318,19.67821782178218
Alaska,FALSE,TRUE,276,12.321428571428573
Alaska,TRUE,TRUE,62,35.02824858757062
Arizona,FALSE,TRUE,2315,7.347340358004316
Arizona,TRUE,TRUE,766,24.37161947184219
Arkansas,FALSE,TRUE,1719,10.080928923293456
Arkansas,TRUE,TRUE,207,22.54901960784314
California,FALSE,TRUE,11499,10.341292324295157
California,TRUE,TRUE,2821,19.50764124196114
Colorado,FALSE,TRUE,2330,12.396914072891727
Colorado,TRUE,TRUE,388,30.5993690851735
Connecticut,FALSE,TRUE,1232,14.726273009801577
Connecticut,TRUE,TRUE,158,19.105199516324063
Delaware,FALSE,TRUE,410,10.7386066003143
Delaware,TRUE,TRUE,147,34.02777777777778
District of Columbia,FALSE,TRUE,73,8.968058968058969
District of Columbia,TRUE,TRUE,44,23.036649214659686
Florida,FALSE,TRUE,7635,8.058727913702477
Florida,TRUE,TRUE,1956,20.06977221424174
Georgia,FALSE,TRUE,3051,6.812853091574928
Georgia,TRUE,TRUE,602,16.584022038567493
Hawaii,FALSE,TRUE,450,14.399999999999999
Hawaii,TRUE,TRUE,80,18.64801864801865
Idaho,FALSE,TRUE,741,10.55705941017239
Idaho,TRUE,TRUE,54,22.689075630252102
Illinois,FALSE,TRUE,3815,11.498929981613768
Illinois,TRUE,TRUE,566,22.29224103977944
Indiana,FALSE,TRUE,1983,8.088265285312232
Indiana,TRUE,TRUE,173,12.243453644727529
Iowa,FALSE,TRUE,920,9.505114164686434
Iowa,TRUE,TRUE,35,9.536784741144414
Kansas,FALSE,TRUE,1012,8.416500332667997
Kansas,TRUE,TRUE,64,13.704496788008566
Kentucky,FALSE,TRUE,2093,9.076716249620539
Kentucky,TRUE,TRUE,240,20.066889632107024
Louisiana,FALSE,TRUE,2874,12.275756022552537
Louisiana,TRUE,TRUE,501,24.801980198019802
Maine,FALSE,TRUE,552,12.556869881710647
Maine,TRUE,TRUE,33,15.207373271889402
Maryland,FALSE,TRUE,1979,12.253111262460529
Maryland,TRUE,TRUE,428,22.303282959874934
Massachusetts,FALSE,TRUE,1203,11.883828904474958
Massachusetts,TRUE,TRUE,183,15.024630541871922
Michigan,FALSE,TRUE,2715,8.610846812559467
Michigan,TRUE,TRUE,275,11.115602263540826
Minnesota,FALSE,TRUE,1400,11.345218800648297
Minnesota,TRUE,TRUE,166,25.577812018489986
Mississippi,FALSE,TRUE,1273,6.555097837281155
Mississippi,TRUE,TRUE,134,12.248628884826324
Missouri,FALSE,TRUE,3059,10.953949724271288
Missouri,TRUE,TRUE,417,26.22641509433962
Montana,FALSE,TRUE,1104,18.75637104994903
Montana,TRUE,TRUE,74,31.896551724137932
Nebraska,FALSE,TRUE,750,11.339582703356516
Nebraska,TRUE,TRUE,50,19.230769230769234
Nevada,FALSE,TRUE,1169,11.472031403336604
Nevada,TRUE,TRUE,276,23.772609819121445
New Hampshire,FALSE,TRUE,500,14.823599169878445
New Hampshire,TRUE,TRUE,32,18.07909604519774
New Jersey,FALSE,TRUE,1743,9.398759773523862
New Jersey,TRUE,TRUE,596,22.347206599175102
New Mexico,FALSE,TRUE,1101,8.931613531272815
New Mexico,TRUE,TRUE,407,36.436884512085946
New York,FALSE,TRUE,2387,7.425034216747542
New York,TRUE,TRUE,815,17.44808392207236
North Carolina,FALSE,TRUE,4062,9.2259471245571
North Carolina,TRUE,TRUE,777,23.375451263537904
North Dakota,FALSE,TRUE,622,17.545839210155147
North Dakota,TRUE,TRUE,37,33.63636363636363
Ohio,FALSE,TRUE,4268,11.8733656039615
Ohio,TRUE,TRUE,503,24.572545188080117
Oklahoma,FALSE,TRUE,2306,10.888658041363678
Oklahoma,TRUE,TRUE,286,24.216765453005927
Oregon,FALSE,TRUE,1769,13.062098501070663
Oregon,TRUE,TRUE,281,23.853989813242784
Pennsylvania,FALSE,TRUE,3435,9.436553940825801
Pennsylvania,TRUE,TRUE,371,14.209115281501342
Puerto Rico,FALSE,TRUE,1289,16.47916133981079
Puerto Rico,TRUE,TRUE,322,23.693892568064754
Rhode Island,FALSE,TRUE,301,18.264563106796118
Rhode Island,TRUE,TRUE,40,21.85792349726776
South Carolina,FALSE,TRUE,3813,13.013207740350158
South Carolina,TRUE,TRUE,746,32.448890822096566
South Dakota,FALSE,TRUE,535,13.84575569358178
South Dakota,TRUE,TRUE,52,34.899328859060404
Tennessee,FALSE,TRUE,3154,9.265297729208894
Tennessee,TRUE,TRUE,413,20.274914089347078
Texas,FALSE,TRUE,11223,9.501595875276209
Texas,TRUE,TRUE,1807,18.577156368870153
Utah,FALSE,TRUE,624,6.888177503035656
Utah,TRUE,TRUE,97,16.11295681063123
Vermont,FALSE,TRUE,264,14.773363178511472
Vermont,TRUE,TRUE,22,24.719101123595504
Virginia,FALSE,TRUE,2420,10.831617581237133
Virginia,TRUE,TRUE,475,28.139810426540286
Washington,FALSE,TRUE,2198,12.740551820078833
Washington,TRUE,TRUE,333,21.346153846153847
West Virginia,FALSE,TRUE,871,10.140877867039237
West Virginia,TRUE,TRUE,78,21.311475409836063
Wisconsin,FALSE,TRUE,2189,12.404374681248937
Wisconsin,TRUE,TRUE,187,21.568627450980394
Wyoming,FALSE,TRUE,456,11.63265306122449
Wyoming,TRUE,TRUE,26,25.24271844660194
