state,year,percap_beer,percap_wine,percap_spirits,percap_all,decile
Alabama,2023,0.90,0.23,0.83,1.95,9
Alabama,2022,0.96,0.24,0.81,2.01,9
Alabama,2021,1.01,0.25,0.81,2.08,9
Alabama,2020,1.03,0.25,0.77,2.05,9
Alabama,2019,1.02,0.26,0.71,1.99,9
Alabama,2018,1.04,0.26,0.69,1.99,9
Alabama,2017,1.07,0.26,0.67,1.99,9
Alabama,2016,1.09,0.26,0.65,2.01,9
Alabama,2015,1.11,0.26,0.64,2.01,9
Alabama,2014,1.13,0.25,0.62,1.99,9
Alabama,2013,1.14,0.25,0.60,1.99,9
Alabama,2012,1.16,0.24,0.60,2.00,9
Alabama,2011,1.16,0.24,0.59,1.98,9
Alabama,2010,1.17,0.23,0.58,1.98,9
Alabama,2009,1.19,0.22,0.57,1.98,9
Alabama,2008,1.22,0.22,0.57,2.01,9
Alabama,2007,1.23,0.22,0.55,2.00,9
Alabama,2006,1.21,0.21,0.54,1.95,9
Alabama,2005,1.18,0.20,0.53,1.91,9
Alabama,2004,1.19,0.20,0.52,1.91,9
Alabama,2003,1.19,0.19,0.52,1.90,9
Alabama,2002,1.18,0.21,0.54,1.92,9
Alabama,2001,1.16,0.17,0.53,1.86,9
Alabama,2000,1.19,0.18,0.51,1.88,9
Alabama,1999,1.18,0.17,0.51,1.87,9
Alabama,1998,1.16,0.17,0.51,1.85,9
Alabama,1997,1.14,0.16,0.52,1.82,9
Alabama,1996,1.17,0.18,0.53,1.88,8
Alabama,1995,1.14,0.16,0.53,1.82,9
Alabama,1994,1.16,0.17,0.54,1.87,9
Alabama,1993,1.14,0.17,0.56,1.86,9
Alabama,1992,1.02,0.19,0.59,1.79,10
Alabama,1991,1.00,0.17,0.59,1.76,10
Alabama,1990,1.12,0.18,0.61,1.92,9
Alabama,1989,1.12,0.17,0.61,1.90,9
Alabama,1988,1.12,0.19,0.62,1.92,9
Alabama,1987,1.11,0.18,0.62,1.91,9
Alabama,1986,1.10,0.18,0.65,1.92,9
Alabama,1985,1.07,0.17,0.67,1.92,9
Alabama,1984,1.03,0.19,0.69,1.91,9
Alabama,1983,1.01,0.17,0.72,1.90,10
Alabama,1982,1.00,0.18,0.72,1.90,10
Alabama,1981,1.00,0.19,0.73,1.91,10
Alabama,1980,0.95,0.16,0.74,1.86,10
Alabama,1979,0.96,0.12,0.82,1.90,10
Alabama,1978,0.95,0.12,0.85,1.92,9
Alabama,1977,0.97,0.12,0.82,1.92,9
Alaska,2023,0.96,0.54,1.32,2.81,3
Alaska,2022,1.02,0.53,1.32,2.86,3
Alaska,2021,1.01,0.51,1.27,2.79,4
Alaska,2020,1.02,0.51,1.26,2.79,3
Alaska,2019,1.07,0.53,1.27,2.87,2
Alaska,2018,1.07,0.53,1.25,2.85,2
Alaska,2017,1.06,0.53,1.21,2.79,3
Alaska,2016,1.15,0.56,1.23,2.94,2
Alaska,2015,1.11,0.53,1.20,2.84,2
Alaska,2014,1.11,0.52,1.16,2.79,2
Alaska,2013,1.07,0.52,1.16,2.75,3
Alaska,2012,1.17,0.53,1.13,2.83,2
Alaska,2011,1.15,0.54,1.17,2.86,2
Alaska,2010,1.23,0.55,1.25,3.03,1
Alaska,2009,1.32,0.54,1.16,3.02,1
Alaska,2008,1.20,0.49,1.09,2.78,2
Alaska,2007,1.13,0.44,0.96,2.53,4
Alaska,2006,1.25,0.47,1.03,2.75,2
Alaska,2005,1.23,0.43,0.98,2.64,2
Alaska,2004,1.31,0.44,0.95,2.71,2
Alaska,2003,1.27,0.37,0.79,2.43,4
Alaska,2002,1.35,0.45,1.19,2.99,1
Alaska,2001,1.32,0.38,0.96,2.67,2
Alaska,2000,1.37,0.37,0.94,2.68,2
Alaska,1999,1.40,0.38,0.95,2.74,1
Alaska,1998,1.39,0.37,0.95,2.71,2
Alaska,1997,1.31,0.36,0.88,2.56,2
Alaska,1996,1.31,0.38,0.94,2.63,2
Alaska,1995,1.45,0.39,1.02,2.86,1
Alaska,1994,1.53,0.40,1.10,3.03,1
Alaska,1993,1.31,0.32,0.92,2.55,2
Alaska,1992,1.53,0.41,1.08,3.02,1
Alaska,1991,1.54,0.43,1.14,3.11,1
Alaska,1990,1.62,0.46,1.25,3.33,1
Alaska,1989,1.52,0.44,1.19,3.15,1
Alaska,1988,1.54,0.47,1.19,3.21,1
Alaska,1987,1.60,0.52,1.26,3.38,1
Alaska,1986,1.65,0.55,1.25,3.45,1
Alaska,1985,1.63,0.56,1.48,3.68,1
Alaska,1984,1.67,0.56,1.50,3.72,1
Alaska,1983,1.71,0.59,1.65,3.95,1
Alaska,1982,1.69,0.54,1.68,3.92,1
Alaska,1981,1.68,0.56,1.79,4.02,1
Alaska,1980,1.54,0.50,1.68,3.72,1
Alaska,1979,1.48,0.46,1.63,3.58,1
Alaska,1978,1.39,0.45,1.67,3.51,1
Alaska,1977,1.19,0.42,1.69,3.30,2
Arizona,2023,0.98,0.38,,2.32,6
Arizona,2022,1.03,0.39,0.95,2.37,6
Arizona,2021,1.08,0.40,0.91,2.39,7
Arizona,2020,1.09,0.39,0.84,2.31,7
Arizona,2019,1.06,0.38,0.80,2.23,6
Arizona,2018,1.08,0.39,0.80,2.26,6
Arizona,2017,1.11,0.39,0.79,2.30,6
Arizona,2016,1.14,0.40,0.79,2.32,6
Arizona,2015,1.16,0.40,0.79,2.35,6
Arizona,2014,1.18,0.40,0.79,2.37,5
Arizona,2013,1.12,0.42,0.81,2.35,5
Arizona,2012,1.14,0.45,0.84,2.43,5
Arizona,2011,1.15,0.44,0.80,2.39,5
Arizona,2010,1.23,0.41,0.76,2.39,5
Arizona,2009,1.22,0.39,0.77,2.38,5
Arizona,2008,1.30,0.41,0.77,2.48,4
Arizona,2007,1.39,0.34,0.78,2.51,4
Arizona,2006,1.34,0.38,0.79,2.51,4
Arizona,2005,1.35,0.40,0.76,2.51,3
Arizona,2004,1.40,0.34,0.71,2.44,4
Arizona,2003,1.41,0.37,0.71,2.49,3
Arizona,2002,1.46,0.33,0.69,2.48,3
Arizona,2001,1.47,0.33,0.70,2.50,3
Arizona,2000,1.48,0.31,0.71,2.50,3
Arizona,1999,1.47,0.34,0.69,2.51,2
Arizona,1998,1.44,0.33,0.68,2.45,2
Arizona,1997,1.45,0.31,0.68,2.44,2
Arizona,1996,1.52,0.33,0.73,2.58,2
Arizona,1995,1.47,0.29,0.68,2.44,3
Arizona,1994,1.52,0.29,0.70,2.50,2
Arizona,1993,1.58,0.27,0.76,2.62,2
Arizona,1992,1.58,0.31,0.80,2.69,2
Arizona,1991,1.58,0.35,0.78,2.71,2
Arizona,1990,1.59,0.37,0.80,2.77,3
Arizona,1989,1.63,0.35,0.83,2.81,2
Arizona,1988,1.60,0.41,0.86,2.87,2
Arizona,1987,1.64,0.45,0.84,2.93,2
Arizona,1986,1.74,0.45,0.90,3.09,2
Arizona,1985,1.66,0.45,0.99,3.11,2
Arizona,1984,1.55,0.44,1.05,3.04,3
Arizona,1983,1.60,0.43,0.99,3.02,3
Arizona,1982,1.71,0.39,0.98,3.07,3
Arizona,1981,1.76,0.42,1.00,3.18,3
Arizona,1980,1.68,0.36,0.97,3.01,4
Arizona,1979,1.71,0.36,1.07,3.15,3
Arizona,1978,1.66,0.35,1.03,3.04,3
Arizona,1977,1.60,0.32,0.99,2.92,3
Arkansas,2023,0.88,0.24,0.75,1.87,10
Arkansas,2022,0.92,0.23,0.79,1.94,10
Arkansas,2021,0.94,0.26,0.76,1.96,10
Arkansas,2020,0.92,0.27,0.76,1.94,10
Arkansas,2019,0.87,0.24,0.70,1.81,10
Arkansas,2018,0.90,0.23,0.64,1.78,10
Arkansas,2017,0.92,0.23,0.67,1.82,10
Arkansas,2016,0.93,0.22,0.65,1.80,10
Arkansas,2015,0.97,0.22,0.65,1.83,10
Arkansas,2014,0.96,0.21,0.62,1.79,10
Arkansas,2013,1.00,0.20,0.60,1.80,10
Arkansas,2012,1.00,0.20,0.60,1.80,10
Arkansas,2011,0.97,0.18,0.56,1.72,10
Arkansas,2010,1.02,0.19,0.57,1.77,10
Arkansas,2009,1.03,0.17,0.57,1.78,10
Arkansas,2008,1.05,0.17,0.55,1.77,10
Arkansas,2007,1.02,0.15,0.51,1.69,10
Arkansas,2006,1.05,0.16,0.54,1.75,10
Arkansas,2005,1.03,0.15,0.50,1.67,10
Arkansas,2004,1.04,0.15,0.49,1.68,10
Arkansas,2003,1.06,0.14,0.56,1.77,10
Arkansas,2002,1.09,0.14,0.53,1.75,10
Arkansas,2001,1.08,0.13,0.53,1.74,10
Arkansas,2000,1.09,0.12,0.53,1.74,10
Arkansas,1999,1.09,0.12,0.54,1.75,10
Arkansas,1998,1.10,0.11,0.51,1.73,10
Arkansas,1997,1.07,0.12,0.52,1.71,10
Arkansas,1996,1.07,0.12,0.53,1.72,10
Arkansas,1995,1.06,0.11,0.51,1.68,10
Arkansas,1994,1.06,0.13,0.46,1.65,10
Arkansas,1993,1.10,0.11,0.58,1.79,9
Arkansas,1992,1.13,0.12,0.65,1.90,9
Arkansas,1991,1.12,0.11,0.58,1.81,9
Arkansas,1990,1.12,0.13,0.61,1.86,9
Arkansas,1989,1.10,0.13,0.58,1.82,9
Arkansas,1988,1.09,0.14,0.54,1.78,10
Arkansas,1987,1.09,0.11,0.53,1.74,10
Arkansas,1986,1.08,0.09,0.49,1.65,10
Arkansas,1985,1.04,0.13,0.59,1.77,10
Arkansas,1984,1.03,0.12,0.64,1.80,10
Arkansas,1983,1.03,0.13,0.63,1.79,10
Arkansas,1982,1.03,0.12,0.63,1.78,10
Arkansas,1981,1.06,0.12,0.68,1.86,10
Arkansas,1980,1.00,0.12,0.68,1.81,10
Arkansas,1979,0.90,0.09,0.55,1.54,10
Arkansas,1978,0.95,0.11,0.71,1.76,10
Arkansas,1977,0.89,0.10,0.61,1.61,10
California,2023,1.09,0.61,1.27,2.98,2
California,2022,1.11,0.63,1.20,2.93,3
California,2021,1.11,0.63,1.10,2.84,3
California,2020,1.06,0.62,0.95,2.63,4
California,2019,1.05,0.61,0.91,2.57,4
California,2018,1.03,0.61,0.88,2.52,4
California,2017,0.95,0.58,0.79,2.32,6
California,2016,0.96,0.60,0.78,2.34,6
California,2015,1.00,0.53,0.75,2.28,6
California,2014,1.00,0.60,0.73,2.33,6
California,2013,0.98,0.61,0.75,2.34,6
California,2012,0.99,0.63,0.74,2.36,6
California,2011,0.95,0.58,0.72,2.25,7
California,2010,0.97,0.49,0.71,2.16,8
California,2009,1.01,0.57,0.70,2.28,6
California,2008,1.05,0.55,0.70,2.30,6
California,2007,1.06,0.54,0.70,2.30,6
California,2006,1.02,0.56,0.70,2.29,6
California,2005,1.03,0.54,0.69,2.26,6
California,2004,1.07,0.52,0.67,2.25,6
California,2003,1.07,0.51,0.65,2.23,6
California,2002,1.08,0.49,0.64,2.21,6
California,2001,1.09,0.48,0.63,2.20,6
California,2000,1.12,0.48,0.64,2.24,5
California,1999,1.12,0.48,0.62,2.22,6
California,1998,1.11,0.49,0.61,2.21,6
California,1997,1.14,0.52,0.62,2.28,5
California,1996,1.13,0.50,0.64,2.27,5
California,1995,1.15,0.46,0.63,2.24,5
California,1994,1.09,0.47,0.68,2.24,5
California,1993,1.17,0.48,0.69,2.35,4
California,1992,1.28,0.51,0.75,2.54,3
California,1991,1.22,0.49,0.75,2.46,4
California,1990,1.32,0.59,0.87,2.78,2
California,1989,1.29,0.60,0.85,2.75,3
California,1988,1.32,0.67,0.88,2.86,3
California,1987,1.35,0.73,0.92,3.00,2
California,1986,1.35,0.78,0.95,3.08,2
California,1985,1.32,0.78,1.02,3.11,2
California,1984,1.37,0.73,1.06,3.16,2
California,1983,1.36,0.74,1.10,3.21,2
California,1982,1.37,0.72,1.13,3.22,3
California,1981,1.43,0.72,1.20,3.35,2
California,1980,1.41,0.71,1.24,3.36,2
California,1979,1.39,0.68,1.25,3.32,2
California,1978,1.33,0.67,1.29,3.28,2
California,1977,1.29,0.65,1.25,3.19,2
Colorado,2023,1.08,0.50,1.49,3.07,2
Colorado,2022,1.13,0.47,1.48,3.08,2
Colorado,2021,1.17,0.49,1.39,3.06,2
Colorado,2020,1.14,0.51,1.33,2.98,2
Colorado,2019,1.17,0.47,1.14,2.78,3
Colorado,2018,1.14,0.52,1.22,2.88,2
Colorado,2017,1.14,0.51,1.19,2.84,3
Colorado,2016,1.14,0.51,1.16,2.81,3
Colorado,2015,1.12,0.51,1.14,2.77,3
Colorado,2014,1.14,0.51,1.11,2.77,3
Colorado,2013,1.20,0.50,1.11,2.81,2
Colorado,2012,1.15,0.52,1.08,2.76,3
Colorado,2011,1.20,0.49,1.04,2.72,3
Colorado,2010,1.22,0.48,1.01,2.71,2
Colorado,2009,1.23,0.46,1.01,2.70,3
Colorado,2008,1.28,0.47,1.02,2.77,3
Colorado,2007,1.30,0.47,1.01,2.78,2
Colorado,2006,1.29,0.45,0.98,2.72,2
Colorado,2005,1.31,0.42,0.99,2.72,2
Colorado,2004,1.30,0.43,0.95,2.68,2
Colorado,2003,1.33,0.40,0.87,2.60,2
Colorado,2002,1.35,0.39,0.90,2.64,2
Colorado,2001,1.42,0.41,0.96,2.78,1
Colorado,2000,1.35,0.37,0.89,2.60,2
Colorado,1999,1.33,0.37,0.75,2.45,3
Colorado,1998,1.33,0.37,0.83,2.53,2
Colorado,1997,1.30,0.37,0.81,2.48,2
Colorado,1996,1.36,0.37,0.84,2.57,2
Colorado,1995,1.34,0.35,0.78,2.47,2
Colorado,1994,1.36,0.35,0.84,2.55,2
Colorado,1993,1.40,0.36,0.86,2.63,2
Colorado,1992,1.34,0.36,0.81,2.52,3
Colorado,1991,1.39,0.35,0.87,2.61,3
Colorado,1990,1.35,0.29,0.75,2.39,6
Colorado,1989,1.42,0.38,0.85,2.64,3
Colorado,1988,1.44,0.40,0.92,2.76,3
Colorado,1987,1.45,0.45,0.94,2.84,3
Colorado,1986,1.49,0.47,0.95,2.90,3
Colorado,1985,1.48,0.50,1.18,3.17,2
Colorado,1984,1.51,0.46,1.12,3.10,2
Colorado,1983,1.57,0.46,1.12,3.15,3
Colorado,1982,1.63,0.46,1.17,3.26,2
Colorado,1981,1.62,0.44,1.26,3.32,2
Colorado,1980,1.56,0.46,1.31,3.33,2
Colorado,1979,1.63,0.46,1.33,3.42,2
Colorado,1978,1.60,0.46,1.39,3.46,2
Colorado,1977,1.40,0.36,1.19,2.95,3
Connecticut,2023,0.70,0.52,1.15,2.37,5
Connecticut,2022,0.73,0.53,1.15,2.41,6
Connecticut,2021,0.78,0.56,1.19,2.54,5
Connecticut,2020,0.79,0.60,1.11,2.50,5
Connecticut,2019,0.81,0.60,1.07,2.47,5
Connecticut,2018,0.80,0.60,1.01,2.40,5
Connecticut,2017,0.82,0.60,0.98,2.41,5
Connecticut,2016,0.85,0.62,0.98,2.44,5
Connecticut,2015,0.85,0.61,0.95,2.41,5
Connecticut,2014,0.84,0.60,0.92,2.36,6
Connecticut,2013,0.85,0.61,0.91,2.37,5
Connecticut,2012,0.86,0.61,0.91,2.38,5
Connecticut,2011,0.86,0.62,0.88,2.35,5
Connecticut,2010,0.88,0.60,0.87,2.35,5
Connecticut,2009,0.88,0.59,0.85,2.31,6
Connecticut,2008,0.93,0.58,0.85,2.36,6
Connecticut,2007,0.92,0.57,0.84,2.33,6
Connecticut,2006,0.93,0.56,0.81,2.30,6
Connecticut,2005,0.90,0.54,0.79,2.23,6
Connecticut,2004,0.93,0.53,0.79,2.25,6
Connecticut,2003,0.93,0.52,0.78,2.23,6
Connecticut,2002,0.95,0.50,0.75,2.21,6
Connecticut,2001,0.95,0.50,0.74,2.19,6
Connecticut,2000,0.94,0.49,0.74,2.18,6
Connecticut,1999,0.94,0.49,0.75,2.18,6
Connecticut,1998,0.96,0.49,0.76,2.21,5
Connecticut,1997,0.95,0.48,0.74,2.17,6
Connecticut,1996,0.91,0.46,0.72,2.09,7
Connecticut,1995,0.96,0.46,0.78,2.20,5
Connecticut,1994,0.99,0.43,0.78,2.20,6
Connecticut,1993,0.96,0.44,0.80,2.20,6
Connecticut,1992,1.01,0.45,0.83,2.30,6
Connecticut,1991,1.03,0.43,0.84,2.29,6
Connecticut,1990,1.09,0.45,0.92,2.46,6
Connecticut,1989,1.07,0.46,0.96,2.50,4
Connecticut,1988,1.12,0.50,1.05,2.67,4
Connecticut,1987,1.14,0.51,1.10,2.75,3
Connecticut,1986,1.11,0.51,1.14,2.76,4
Connecticut,1985,1.12,0.50,1.19,2.81,4
Connecticut,1984,1.10,0.49,1.19,2.78,5
Connecticut,1983,1.10,0.49,1.22,2.80,5
Connecticut,1982,1.04,0.49,1.21,2.74,6
Connecticut,1981,1.05,0.44,1.18,2.67,6
Connecticut,1980,1.06,0.43,1.20,2.69,6
Connecticut,1979,1.14,0.40,1.21,2.76,5
Connecticut,1978,1.09,0.38,1.21,2.69,6
Connecticut,1977,1.06,0.35,1.23,2.64,6
Delaware,2023,1.02,0.68,2.38,4.09,1
Delaware,2022,1.05,0.68,2.34,4.08,1
Delaware,2021,1.13,0.80,2.46,4.39,1
Delaware,2020,1.12,0.77,2.12,4.00,1
Delaware,2019,1.11,0.71,1.61,3.43,1
Delaware,2018,1.11,0.72,1.70,3.53,1
Delaware,2017,1.15,0.72,1.75,3.62,1
Delaware,2016,1.20,0.73,1.80,3.73,1
Delaware,2015,1.18,0.72,1.75,3.66,1
Delaware,2014,1.21,0.72,1.67,3.60,1
Delaware,2013,1.25,0.72,1.63,3.60,1
Delaware,2012,1.32,0.70,1.58,3.59,1
Delaware,2011,1.34,0.69,1.52,3.55,1
Delaware,2010,1.36,0.66,1.36,3.38,1
Delaware,2009,1.32,0.65,1.34,3.31,1
Delaware,2008,1.35,0.57,1.23,3.15,1
Delaware,2007,1.38,0.59,1.23,3.19,1
Delaware,2006,1.41,0.59,1.26,3.26,1
Delaware,2005,1.42,0.58,1.24,3.25,1
Delaware,2004,1.42,0.57,1.28,3.27,1
Delaware,2003,1.38,0.57,1.18,3.12,1
Delaware,2002,1.39,0.52,1.10,3.01,1
Delaware,2001,1.39,0.49,1.07,2.94,1
Delaware,2000,1.36,0.48,1.05,2.89,1
Delaware,1999,1.40,0.48,1.03,2.90,1
Delaware,1998,1.41,0.47,1.03,2.91,1
Delaware,1997,1.37,0.46,0.99,2.81,1
Delaware,1996,1.39,0.45,0.94,2.78,1
Delaware,1995,1.30,0.40,0.92,2.62,2
Delaware,1994,1.43,0.38,0.95,2.76,1
Delaware,1993,1.46,0.35,0.95,2.76,1
Delaware,1992,1.40,0.36,0.97,2.73,2
Delaware,1991,1.40,0.35,0.95,2.70,2
Delaware,1990,1.44,0.37,1.14,2.95,2
Delaware,1989,1.43,0.39,1.15,2.96,2
Delaware,1988,1.46,0.41,1.21,3.08,1
Delaware,1987,1.46,0.43,1.23,3.12,2
Delaware,1986,1.46,0.45,1.25,3.16,2
Delaware,1985,1.48,0.41,1.31,3.20,2
Delaware,1984,1.52,0.39,1.29,3.20,2
Delaware,1983,1.55,0.35,1.35,3.25,2
Delaware,1982,1.54,0.34,1.38,3.26,2
Delaware,1981,1.52,0.33,1.40,3.24,3
Delaware,1980,1.44,0.29,1.37,3.11,3
Delaware,1979,1.35,0.26,1.31,2.92,4
Delaware,1978,1.31,0.24,1.30,2.85,4
Delaware,1977,1.30,0.23,1.33,2.86,4
District of Columbia,2023,1.09,1.01,1.75,3.85,1
District of Columbia,2022,1.13,1.06,1.78,3.97,1
District of Columbia,2021,1.16,1.09,1.87,4.12,1
District of Columbia,2020,1.14,1.08,1.79,4.02,1
District of Columbia,2019,1.07,1.01,1.67,3.75,1
District of Columbia,2018,1.07,1.01,1.68,3.76,1
District of Columbia,2017,1.10,1.02,1.68,3.80,1
District of Columbia,2016,1.12,1.02,1.69,3.83,1
District of Columbia,2015,1.13,1.01,1.67,3.81,1
District of Columbia,2014,1.15,1.00,1.66,3.81,1
District of Columbia,2013,1.16,1.01,1.66,3.83,1
District of Columbia,2012,1.18,1.01,1.65,3.84,1
District of Columbia,2011,1.19,1.01,1.62,3.83,1
District of Columbia,2010,1.22,1.00,1.61,3.83,1
District of Columbia,2009,1.26,1.00,1.62,3.88,1
District of Columbia,2008,1.35,1.01,1.64,4.00,1
District of Columbia,2007,1.37,1.00,1.63,4.00,1
District of Columbia,2006,1.38,0.96,1.60,3.94,1
District of Columbia,2005,1.40,0.93,1.56,3.90,1
District of Columbia,2004,1.38,0.91,1.52,3.80,1
District of Columbia,2003,1.38,0.88,1.51,3.76,1
District of Columbia,2002,1.36,0.83,1.47,3.66,1
District of Columbia,2001,1.36,0.79,1.46,3.61,1
District of Columbia,2000,1.39,0.81,1.45,3.65,1
District of Columbia,1999,1.38,0.78,1.36,3.52,1
District of Columbia,1998,1.37,0.78,1.57,3.73,1
District of Columbia,1997,1.42,0.80,1.61,3.83,1
District of Columbia,1996,1.33,0.86,1.47,3.67,1
District of Columbia,1995,1.49,0.77,1.52,3.78,1
District of Columbia,1994,1.50,0.74,1.52,3.76,1
District of Columbia,1993,1.51,0.73,1.54,3.78,1
District of Columbia,1992,1.61,0.70,1.74,4.05,1
District of Columbia,1991,1.42,0.61,1.85,3.89,1
District of Columbia,1990,1.42,0.76,1.96,4.14,1
District of Columbia,1989,1.39,0.82,1.72,3.92,1
District of Columbia,1988,1.38,0.93,1.90,4.22,1
District of Columbia,1987,1.41,0.95,2.26,4.62,1
District of Columbia,1986,1.45,1.00,2.09,4.54,1
District of Columbia,1985,1.44,1.00,2.35,4.80,1
District of Columbia,1984,1.51,1.07,2.59,5.17,1
District of Columbia,1983,1.51,1.05,2.71,5.27,1
District of Columbia,1982,1.46,0.99,2.88,5.33,1
District of Columbia,1981,1.48,1.05,2.89,5.42,1
District of Columbia,1980,1.49,0.99,2.94,5.41,1
District of Columbia,1979,1.42,0.96,2.92,5.30,1
District of Columbia,1978,1.38,0.91,3.04,5.33,1
District of Columbia,1977,1.35,0.86,3.16,5.37,1
Florida,2023,1.00,0.54,1.40,2.94,3
Florida,2022,1.04,0.57,1.37,2.98,2
Florida,2021,1.07,0.58,1.32,2.98,3
Florida,2020,1.04,0.57,1.15,2.76,3
Florida,2019,1.05,0.56,1.09,2.70,3
Florida,2018,1.05,0.56,1.05,2.66,3
Florida,2017,1.07,0.56,1.04,2.67,4
Florida,2016,1.09,0.56,1.03,2.69,3
Florida,2015,1.11,0.54,0.98,2.64,4
Florida,2014,1.10,0.54,0.98,2.62,4
Florida,2013,1.28,0.51,0.96,2.75,3
Florida,2012,1.26,0.53,0.96,2.75,3
Florida,2011,1.13,0.51,0.93,2.57,4
Florida,2010,1.12,0.49,0.91,2.53,4
Florida,2009,1.19,0.48,0.91,2.58,4
Florida,2008,1.24,0.48,0.89,2.61,3
Florida,2007,1.28,0.48,0.92,2.68,3
Florida,2006,1.32,0.47,0.91,2.70,3
Florida,2005,1.33,0.46,0.91,2.70,2
Florida,2004,1.34,0.46,0.88,2.68,2
Florida,2003,1.31,0.44,0.86,2.61,2
Florida,2002,1.32,0.43,0.84,2.58,2
Florida,2001,1.32,0.40,0.82,2.54,2
Florida,2000,1.32,0.41,0.83,2.56,2
Florida,1999,1.33,0.40,0.80,2.53,2
Florida,1998,1.33,0.38,0.79,2.50,2
Florida,1997,1.36,0.37,0.80,2.53,2
Florida,1996,1.36,0.37,0.81,2.54,2
Florida,1995,1.34,0.35,0.82,2.50,2
Florida,1994,1.40,0.33,0.87,2.60,2
Florida,1993,1.44,0.33,0.92,2.68,2
Florida,1992,1.45,0.34,0.96,2.75,1
Florida,1991,1.43,0.34,0.92,2.69,2
Florida,1990,1.54,0.39,1.04,2.96,2
Florida,1989,1.51,0.39,1.00,2.89,2
Florida,1988,1.50,0.41,1.00,2.91,2
Florida,1987,1.50,0.42,1.03,2.95,2
Florida,1986,1.50,0.41,1.05,2.96,2
Florida,1985,1.47,0.41,1.16,3.04,3
Florida,1984,1.46,0.40,1.23,3.09,2
Florida,1983,1.55,0.39,1.22,3.16,2
Florida,1982,1.54,0.40,1.32,3.26,2
Florida,1981,1.54,0.39,1.37,3.30,3
Florida,1980,1.40,0.37,1.41,3.18,3
Florida,1979,1.38,0.34,1.41,3.14,3
Florida,1978,1.34,0.32,1.40,3.07,3
Florida,1977,1.27,0.31,1.40,2.99,3
Georgia,2023,0.84,0.25,0.88,1.96,9
Georgia,2022,0.89,0.25,0.85,1.99,9
Georgia,2021,0.93,0.26,0.81,2.00,10
Georgia,2020,0.93,0.25,0.74,1.92,10
Georgia,2019,0.94,0.25,0.72,1.90,10
Georgia,2018,0.95,0.25,0.71,1.91,10
Georgia,2017,0.98,0.25,0.71,1.93,10
Georgia,2016,1.01,0.25,0.70,1.96,9
Georgia,2015,1.01,0.25,0.69,1.95,9
Georgia,2014,1.02,0.25,0.69,1.97,9
Georgia,2013,1.03,0.25,0.69,1.98,9
Georgia,2012,1.06,0.25,0.68,1.99,9
Georgia,2011,1.06,0.25,0.67,1.98,9
Georgia,2010,1.08,0.25,0.65,1.98,9
Georgia,2009,1.11,0.25,0.65,2.01,9
Georgia,2008,1.16,0.25,0.65,2.06,8
Georgia,2007,1.19,0.26,0.65,2.10,8
Georgia,2006,1.19,0.26,0.65,2.10,8
Georgia,2005,1.17,0.26,0.64,2.07,8
Georgia,2004,1.19,0.27,0.65,2.11,7
Georgia,2003,1.20,0.26,0.66,2.13,7
Georgia,2002,1.21,0.26,0.66,2.13,7
Georgia,2001,1.20,0.25,0.65,2.11,7
Georgia,2000,1.21,0.25,0.69,2.16,7
Georgia,1999,1.23,0.25,0.70,2.18,6
Georgia,1998,1.22,0.23,0.70,2.15,6
Georgia,1997,1.20,0.23,0.70,2.13,6
Georgia,1996,1.24,0.24,0.71,2.18,6
Georgia,1995,1.21,0.21,0.70,2.12,6
Georgia,1994,1.17,0.21,0.77,2.14,7
Georgia,1993,1.23,0.20,0.77,2.20,6
Georgia,1992,1.22,0.21,0.79,2.23,7
Georgia,1991,1.16,0.22,0.78,2.17,7
Georgia,1990,1.22,0.23,0.86,2.31,7
Georgia,1989,1.18,0.24,0.94,2.36,6
Georgia,1988,1.21,0.26,0.92,2.39,7
Georgia,1987,1.21,0.27,1.00,2.48,6
Georgia,1986,1.21,0.27,0.94,2.43,7
Georgia,1985,1.17,0.25,1.01,2.44,7
Georgia,1984,1.18,0.24,1.06,2.48,7
Georgia,1983,1.14,0.22,1.06,2.42,7
Georgia,1982,1.12,0.21,1.04,2.36,8
Georgia,1981,1.10,0.18,1.09,2.38,8
Georgia,1980,1.06,0.19,1.08,2.33,8
Georgia,1979,1.11,0.18,1.16,2.44,7
Georgia,1978,1.09,0.18,1.21,2.48,7
Georgia,1977,1.03,0.15,1.19,2.37,7
Hawaii,2023,1.20,0.57,0.87,2.64,5
Hawaii,2022,1.24,0.59,0.87,2.70,5
Hawaii,2021,1.27,0.59,0.84,2.70,5
Hawaii,2020,1.24,0.58,0.79,2.62,4
Hawaii,2019,1.29,0.59,0.80,2.68,4
Hawaii,2018,1.28,0.59,0.79,2.66,4
Hawaii,2017,1.29,0.58,0.79,2.65,4
Hawaii,2016,1.29,0.57,0.78,2.64,4
Hawaii,2015,1.28,0.56,0.77,2.61,4
Hawaii,2014,1.27,0.54,0.77,2.59,4
Hawaii,2013,1.25,0.54,0.76,2.56,4
Hawaii,2012,1.25,0.53,0.75,2.53,4
Hawaii,2011,1.25,0.53,0.73,2.51,4
Hawaii,2010,1.25,0.52,0.71,2.48,4
Hawaii,2009,1.27,0.51,0.71,2.49,4
Hawaii,2008,1.33,0.51,0.72,2.56,4
Hawaii,2007,1.30,0.48,0.77,2.55,4
Hawaii,2006,1.28,0.47,0.77,2.52,4
Hawaii,2005,1.30,0.45,0.72,2.47,4
Hawaii,2004,1.38,0.43,0.70,2.50,3
Hawaii,2003,1.30,0.42,0.66,2.38,5
Hawaii,2002,1.27,0.39,0.62,2.28,5
Hawaii,2001,1.30,0.38,0.60,2.28,5
Hawaii,2000,1.33,0.39,0.60,2.32,4
Hawaii,1999,1.31,0.39,0.56,2.26,5
Hawaii,1998,1.32,0.37,0.54,2.22,5
Hawaii,1997,1.38,0.40,0.56,2.33,4
Hawaii,1996,1.40,0.36,0.58,2.34,3
Hawaii,1995,1.41,0.34,0.57,2.32,4
Hawaii,1994,1.46,0.38,0.62,2.46,3
Hawaii,1993,1.49,0.37,0.65,2.51,3
Hawaii,1992,1.55,0.39,0.69,2.63,2
Hawaii,1991,1.57,0.40,0.70,2.67,2
Hawaii,1990,1.64,0.40,0.79,2.84,2
Hawaii,1989,1.56,0.43,0.80,2.79,2
Hawaii,1988,1.64,0.45,0.80,2.89,2
Hawaii,1987,1.59,0.41,0.77,2.76,3
Hawaii,1986,1.61,0.44,0.86,2.91,3
Hawaii,1985,1.61,0.42,0.88,2.91,3
Hawaii,1984,1.66,0.41,0.92,2.99,3
Hawaii,1983,1.89,0.44,1.13,3.45,1
Hawaii,1982,1.80,0.48,1.14,3.41,1
Hawaii,1981,1.74,0.44,1.16,3.34,2
Hawaii,1980,1.64,0.46,1.20,3.30,2
Hawaii,1979,1.51,0.42,1.21,3.14,3
Hawaii,1978,1.33,0.44,1.25,3.02,3
Hawaii,1977,1.55,0.35,1.21,3.11,2
Idaho,2023,0.69,0.28,0.85,1.82,10
Idaho,2022,0.74,0.29,0.88,1.91,10
Idaho,2021,0.79,0.31,0.92,2.01,9
Idaho,2020,0.82,0.31,0.93,2.06,9
Idaho,2019,0.87,0.32,0.85,2.04,9
Idaho,2018,0.90,0.33,0.83,2.07,9
Idaho,2017,0.94,0.34,0.82,2.10,9
Idaho,2016,0.99,0.35,0.81,2.15,8
Idaho,2015,1.04,0.35,0.79,2.17,7
Idaho,2014,1.05,0.34,0.77,2.16,8
Idaho,2013,1.08,0.34,0.77,2.20,8
Idaho,2012,1.09,0.34,0.77,2.20,8
Idaho,2011,1.10,0.34,0.73,2.18,8
Idaho,2010,1.12,0.34,0.72,2.17,7
Idaho,2009,1.16,0.33,0.70,2.19,7
Idaho,2008,1.17,0.34,0.69,2.19,7
Idaho,2007,1.15,0.34,0.67,2.16,8
Idaho,2006,1.14,0.34,0.65,2.13,7
Idaho,2005,1.13,0.34,0.61,2.07,8
Idaho,2004,1.17,0.34,0.57,2.08,8
Idaho,2003,1.18,0.34,0.55,2.07,7
Idaho,2002,1.17,0.34,0.53,2.05,8
Idaho,2001,1.17,0.33,0.53,2.03,7
Idaho,2000,1.15,0.35,0.52,2.02,7
Idaho,1999,1.17,0.34,0.52,2.03,7
Idaho,1998,1.15,0.33,0.51,1.99,7
Idaho,1997,1.11,0.32,0.52,1.95,8
Idaho,1996,1.13,0.30,0.52,1.96,8
Idaho,1995,1.18,0.30,0.54,2.01,7
Idaho,1994,1.24,0.35,0.53,2.12,7
Idaho,1993,1.26,0.29,0.55,2.11,7
Idaho,1992,1.32,0.31,0.57,2.20,7
Idaho,1991,1.31,0.32,0.56,2.19,7
Idaho,1990,1.36,0.33,0.58,2.27,7
Idaho,1989,1.27,0.31,0.57,2.16,8
Idaho,1988,1.28,0.37,0.59,2.24,7
Idaho,1987,1.33,0.39,0.59,2.31,7
Idaho,1986,1.36,0.39,0.62,2.37,7
Idaho,1985,1.36,0.36,0.71,2.43,7
Idaho,1984,1.41,0.31,0.72,2.45,7
Idaho,1983,1.45,0.30,0.77,2.52,7
Idaho,1982,1.45,0.30,0.81,2.57,7
Idaho,1981,1.54,0.33,0.83,2.69,6
Idaho,1980,1.53,0.30,0.77,2.59,7
Idaho,1979,1.51,0.27,0.82,2.60,6
Idaho,1978,1.46,0.25,0.78,2.50,7
Idaho,1977,1.47,0.22,0.78,2.47,7
Illinois,2023,0.97,0.49,0.93,2.39,5
Illinois,2022,1.00,0.48,0.94,2.42,5
Illinois,2021,1.04,0.48,0.95,2.47,6
Illinois,2020,1.03,0.47,0.89,2.39,6
Illinois,2019,1.07,0.46,0.88,2.41,5
Illinois,2018,1.08,0.45,0.85,2.39,5
Illinois,2017,1.10,0.45,0.83,2.38,5
Illinois,2016,1.12,0.43,0.77,2.32,6
Illinois,2015,1.13,0.43,0.80,2.36,5
Illinois,2014,1.12,0.42,0.78,2.32,6
Illinois,2013,1.13,0.42,0.77,2.33,6
Illinois,2012,1.15,0.43,0.77,2.35,6
Illinois,2011,1.19,0.41,0.75,2.35,6
Illinois,2010,1.22,0.40,0.74,2.35,5
Illinois,2009,1.24,0.39,0.73,2.36,5
Illinois,2008,1.23,0.38,0.74,2.34,6
Illinois,2007,1.24,0.41,0.74,2.38,5
Illinois,2006,1.24,0.37,0.74,2.35,5
Illinois,2005,1.23,0.34,0.71,2.29,6
Illinois,2004,1.24,0.32,0.67,2.22,6
Illinois,2003,1.26,0.35,0.74,2.36,5
Illinois,2002,1.28,0.33,0.65,2.26,5
Illinois,2001,1.27,0.32,0.68,2.28,5
Illinois,2000,1.28,0.32,0.63,2.24,6
Illinois,1999,1.29,0.33,0.66,2.27,5
Illinois,1998,1.27,0.34,0.64,2.25,4
Illinois,1997,1.26,0.35,0.65,2.26,5
Illinois,1996,1.27,0.35,0.68,2.30,4
Illinois,1995,1.30,0.33,0.66,2.29,4
Illinois,1994,1.32,0.34,0.69,2.35,4
Illinois,1993,1.32,0.34,0.72,2.38,4
Illinois,1992,1.34,0.35,0.74,2.43,4
Illinois,1991,1.38,0.34,0.76,2.48,4
Illinois,1990,1.43,0.36,0.82,2.62,4
Illinois,1989,1.42,0.36,0.85,2.63,3
Illinois,1988,1.45,0.38,0.87,2.70,3
Illinois,1987,1.43,0.39,0.88,2.71,4
Illinois,1986,1.42,0.39,0.91,2.72,5
Illinois,1985,1.39,0.38,0.99,2.76,5
Illinois,1984,1.41,0.37,1.02,2.80,4
Illinois,1983,1.43,0.35,1.03,2.82,4
Illinois,1982,1.42,0.35,1.07,2.84,5
Illinois,1981,1.44,0.35,1.12,2.91,5
Illinois,1980,1.42,0.33,1.23,2.99,4
Illinois,1979,1.42,0.32,1.15,2.89,4
Illinois,1978,1.35,0.31,1.17,2.83,4
Illinois,1977,1.32,0.30,1.20,2.82,4
Indiana,2023,0.85,0.35,1.02,2.23,7
Indiana,2022,0.95,0.36,1.01,2.32,7
Indiana,2021,0.95,0.33,1.04,2.32,7
Indiana,2020,0.94,0.33,1.06,2.33,6
Indiana,2019,0.96,0.30,0.94,2.20,7
Indiana,2018,0.96,0.29,0.89,2.15,8
Indiana,2017,0.97,0.29,0.85,2.11,8
Indiana,2016,0.98,0.29,0.89,2.17,8
Indiana,2015,0.98,0.28,0.88,2.14,8
Indiana,2014,0.98,0.27,0.80,2.05,8
Indiana,2013,1.00,0.28,0.81,2.09,8
Indiana,2012,1.02,0.28,0.79,2.08,8
Indiana,2011,1.02,0.27,0.73,2.02,8
Indiana,2010,1.03,0.26,0.74,2.03,8
Indiana,2009,1.08,0.25,0.72,2.05,8
Indiana,2008,1.10,0.24,0.73,2.08,8
Indiana,2007,1.13,0.24,0.72,2.09,8
Indiana,2006,1.09,0.25,0.66,2.00,9
Indiana,2005,1.11,0.22,0.68,2.01,8
Indiana,2004,1.14,0.22,0.65,2.01,8
Indiana,2003,1.11,0.21,0.64,1.96,9
Indiana,2002,1.13,0.20,0.60,1.93,9
Indiana,2001,1.15,0.19,0.62,1.96,8
Indiana,2000,1.16,0.20,0.61,1.98,8
Indiana,1999,1.16,0.19,0.59,1.94,8
Indiana,1998,1.14,0.19,0.58,1.91,8
Indiana,1997,1.09,0.18,0.59,1.85,8
Indiana,1996,1.09,0.20,0.57,1.86,9
Indiana,1995,1.14,0.20,0.58,1.92,8
Indiana,1994,1.15,0.20,0.59,1.94,8
Indiana,1993,1.15,0.19,0.64,1.98,8
Indiana,1992,1.16,0.20,0.58,1.95,9
Indiana,1991,1.22,0.19,0.60,2.00,9
Indiana,1990,1.26,0.20,0.63,2.09,8
Indiana,1989,1.23,0.20,0.64,2.07,8
Indiana,1988,1.25,0.21,0.67,2.13,8
Indiana,1987,1.26,0.23,0.67,2.16,8
Indiana,1986,1.26,0.23,0.67,2.17,8
Indiana,1985,1.26,0.22,0.73,2.20,8
Indiana,1984,1.27,0.21,0.73,2.21,8
Indiana,1983,1.28,0.19,0.73,2.20,8
Indiana,1982,1.29,0.19,0.76,2.24,8
Indiana,1981,1.29,0.18,0.78,2.24,8
Indiana,1980,1.26,0.17,0.77,2.21,8
Indiana,1979,1.21,0.15,0.78,2.15,8
Indiana,1978,1.18,0.15,0.78,2.12,8
Indiana,1977,1.13,0.14,0.77,2.03,8
Iowa,2023,1.16,0.20,0.97,2.33,6
Iowa,2022,1.19,0.22,0.99,2.39,6
Iowa,2021,1.24,0.23,1.02,2.49,5
Iowa,2020,1.25,0.23,1.00,2.48,5
Iowa,2019,1.24,0.23,0.92,2.38,6
Iowa,2018,1.25,0.23,0.90,2.37,5
Iowa,2017,1.26,0.23,0.87,2.36,5
Iowa,2016,1.30,0.23,0.87,2.40,5
Iowa,2015,1.31,0.22,0.83,2.36,5
Iowa,2014,1.34,0.21,0.81,2.37,5
Iowa,2013,1.33,0.22,0.79,2.34,6
Iowa,2012,1.36,0.23,0.81,2.40,5
Iowa,2011,1.38,0.21,0.77,2.36,5
Iowa,2010,1.39,0.18,0.73,2.30,6
Iowa,2009,1.42,0.18,0.72,2.31,6
Iowa,2008,1.43,0.17,0.70,2.30,6
Iowa,2007,1.41,0.17,0.67,2.25,7
Iowa,2006,1.39,0.16,0.65,2.20,7
Iowa,2005,1.40,0.16,0.61,2.16,7
Iowa,2004,1.39,0.16,0.57,2.12,7
Iowa,2003,1.38,0.15,0.54,2.07,8
Iowa,2002,1.38,0.14,0.51,2.04,8
Iowa,2001,1.36,0.13,0.50,1.99,8
Iowa,2000,1.35,0.13,0.50,1.98,8
Iowa,1999,1.34,0.13,0.48,1.95,8
Iowa,1998,1.31,0.12,0.46,1.90,8
Iowa,1997,1.28,0.12,0.45,1.85,9
Iowa,1996,1.28,0.12,0.45,1.85,9
Iowa,1995,1.26,0.11,0.44,1.80,9
Iowa,1994,1.30,0.10,0.44,1.84,9
Iowa,1993,1.28,0.11,0.48,1.87,9
Iowa,1992,1.31,0.13,0.46,1.90,9
Iowa,1991,1.32,0.16,0.52,2.01,8
Iowa,1990,1.34,0.18,0.54,2.06,9
Iowa,1989,1.30,0.19,0.52,2.01,9
Iowa,1988,1.32,0.20,0.53,2.06,9
Iowa,1987,1.34,0.22,0.59,2.14,8
Iowa,1986,1.35,0.20,0.54,2.09,9
Iowa,1985,1.33,0.14,0.58,2.06,9
Iowa,1984,1.39,0.12,0.62,2.13,9
Iowa,1983,1.40,0.13,0.65,2.18,8
Iowa,1982,1.40,0.13,0.65,2.19,8
Iowa,1981,1.44,0.13,0.69,2.26,8
Iowa,1980,1.41,0.13,0.71,2.25,8
Iowa,1979,1.40,0.11,0.71,2.22,8
Iowa,1978,1.38,0.11,0.74,2.23,8
Iowa,1977,1.33,0.10,0.74,2.17,8
Kansas,2023,1.03,0.15,0.95,2.13,8
Kansas,2022,1.06,0.15,0.99,2.21,8
Kansas,2021,1.11,0.15,0.93,2.19,9
Kansas,2020,1.07,0.14,0.89,2.11,9
Kansas,2019,1.02,0.14,0.82,1.98,9
Kansas,2018,0.98,0.14,0.79,1.92,9
Kansas,2017,1.03,0.14,0.80,1.97,9
Kansas,2016,1.02,0.14,0.75,1.92,10
Kansas,2015,1.03,0.14,0.74,1.91,10
Kansas,2014,1.03,0.14,0.75,1.92,9
Kansas,2013,0.99,0.14,0.76,1.88,10
Kansas,2012,1.09,0.14,0.72,1.95,9
Kansas,2011,1.07,0.14,0.69,1.90,10
Kansas,2010,1.13,0.14,0.68,1.95,9
Kansas,2009,1.18,0.14,0.67,1.99,9
Kansas,2008,1.22,0.14,0.65,2.01,9
Kansas,2007,1.17,0.15,0.64,1.96,9
Kansas,2006,1.14,0.18,0.61,1.94,9
Kansas,2005,1.14,0.18,0.57,1.89,9
Kansas,2004,1.14,0.16,0.56,1.86,9
Kansas,2003,1.16,0.17,0.56,1.89,10
Kansas,2002,1.19,0.15,0.54,1.88,9
Kansas,2001,1.12,0.15,0.53,1.80,9
Kansas,2000,1.13,0.15,0.53,1.82,9
Kansas,1999,1.12,0.15,0.54,1.81,9
Kansas,1998,1.08,0.13,0.54,1.76,9
Kansas,1997,1.08,0.12,0.48,1.67,10
Kansas,1996,1.04,0.12,0.49,1.65,10
Kansas,1995,1.04,0.12,0.50,1.66,10
Kansas,1994,1.12,0.13,0.48,1.73,10
Kansas,1993,1.09,0.14,0.52,1.75,10
Kansas,1992,1.09,0.14,0.55,1.78,10
Kansas,1991,1.15,0.14,0.57,1.85,9
Kansas,1990,1.13,0.13,0.53,1.79,10
Kansas,1989,1.13,0.13,0.55,1.81,10
Kansas,1988,1.13,0.22,0.57,1.92,9
Kansas,1987,1.14,0.17,0.57,1.88,9
Kansas,1986,1.14,0.17,0.60,1.91,9
Kansas,1985,1.18,0.15,0.64,1.97,9
Kansas,1984,1.19,0.14,0.63,1.96,9
Kansas,1983,1.20,0.13,0.64,1.97,9
Kansas,1982,1.22,0.13,0.67,2.03,9
Kansas,1981,1.23,0.12,0.70,2.05,9
Kansas,1980,1.22,0.11,0.61,1.95,9
Kansas,1979,1.19,0.12,0.74,2.04,9
Kansas,1978,1.15,0.12,0.65,1.91,10
Kansas,1977,1.14,0.10,0.65,1.90,10
Kentucky,2023,0.87,0.21,1.06,2.14,8
Kentucky,2022,0.93,0.22,1.06,2.21,8
Kentucky,2021,0.97,0.24,1.05,2.25,8
Kentucky,2020,0.90,0.24,0.97,2.12,8
Kentucky,2019,0.88,0.23,0.91,2.02,9
Kentucky,2018,0.93,0.22,0.81,1.96,9
Kentucky,2017,0.94,0.21,0.82,1.97,9
Kentucky,2016,0.96,0.22,0.79,1.98,9
Kentucky,2015,0.99,0.22,0.76,1.97,9
Kentucky,2014,0.94,0.21,0.72,1.87,10
Kentucky,2013,0.95,0.20,0.70,1.85,10
Kentucky,2012,0.97,0.20,0.70,1.87,10
Kentucky,2011,0.94,0.19,0.66,1.79,10
Kentucky,2010,1.00,0.18,0.66,1.83,10
Kentucky,2009,1.02,0.18,0.65,1.85,10
Kentucky,2008,1.03,0.17,0.65,1.85,10
Kentucky,2007,1.04,0.17,0.63,1.85,10
Kentucky,2006,1.04,0.17,0.62,1.82,10
Kentucky,2005,1.04,0.14,0.61,1.80,10
Kentucky,2004,1.07,0.17,0.57,1.81,10
Kentucky,2003,1.03,0.15,0.57,1.75,10
Kentucky,2002,1.08,0.14,0.54,1.77,10
Kentucky,2001,1.04,0.12,0.46,1.63,10
Kentucky,2000,1.07,0.14,0.53,1.74,10
Kentucky,1999,1.07,0.13,0.54,1.74,10
Kentucky,1998,1.08,0.13,0.53,1.74,10
Kentucky,1997,1.07,0.13,0.53,1.72,9
Kentucky,1996,1.09,0.13,0.54,1.76,9
Kentucky,1995,1.06,0.11,0.54,1.71,9
Kentucky,1994,1.08,0.11,0.55,1.73,10
Kentucky,1993,1.08,0.10,0.55,1.73,10
Kentucky,1992,1.04,0.11,0.56,1.71,10
Kentucky,1991,1.11,0.11,0.56,1.78,10
Kentucky,1990,1.12,0.11,0.60,1.83,10
Kentucky,1989,1.09,0.12,0.57,1.79,10
Kentucky,1988,1.10,0.12,0.60,1.82,10
Kentucky,1987,1.04,0.14,0.60,1.78,10
Kentucky,1986,1.10,0.14,0.63,1.86,10
Kentucky,1985,1.08,0.14,0.66,1.88,10
Kentucky,1984,1.06,0.13,0.68,1.87,10
Kentucky,1983,1.13,0.12,0.70,1.95,9
Kentucky,1982,1.14,0.12,0.72,1.99,9
Kentucky,1981,1.13,0.10,0.75,1.99,9
Kentucky,1980,1.08,0.10,0.73,1.91,10
Kentucky,1979,1.07,0.09,0.75,1.91,9
Kentucky,1978,1.04,0.09,0.75,1.88,10
Kentucky,1977,1.16,0.09,0.73,1.98,9
Louisiana,2023,1.21,0.32,1.17,2.69,4
Louisiana,2022,1.24,0.33,1.21,2.78,4
Louisiana,2021,1.26,0.34,1.16,2.76,4
Louisiana,2020,1.24,0.34,1.01,2.59,4
Louisiana,2019,1.22,0.33,1.01,2.56,4
Louisiana,2018,1.23,0.34,0.99,2.55,4
Louisiana,2017,1.24,0.34,1.00,2.57,4
Louisiana,2016,1.25,0.34,1.00,2.59,4
Louisiana,2015,1.27,0.33,0.98,2.59,4
Louisiana,2014,1.30,0.33,0.95,2.59,4
Louisiana,2013,1.34,0.32,0.93,2.58,4
Louisiana,2012,1.38,0.32,0.90,2.59,4
Louisiana,2011,1.39,0.30,0.88,2.57,3
Louisiana,2010,1.42,0.28,0.84,2.55,3
Louisiana,2009,1.50,0.28,0.85,2.63,3
Louisiana,2008,1.55,0.26,0.83,2.64,3
Louisiana,2007,1.57,0.27,0.81,2.66,3
Louisiana,2006,1.59,0.25,0.78,2.63,3
Louisiana,2005,1.47,0.24,0.71,2.41,4
Louisiana,2004,1.38,0.26,0.73,2.36,5
Louisiana,2003,1.41,0.25,0.72,2.38,4
Louisiana,2002,1.32,0.24,0.70,2.26,5
Louisiana,2001,1.49,0.23,0.69,2.41,3
Louisiana,2000,1.51,0.22,0.70,2.44,3
Louisiana,1999,1.52,0.24,0.69,2.45,3
Louisiana,1998,1.48,0.23,0.70,2.40,3
Louisiana,1997,1.51,0.23,0.71,2.44,2
Louisiana,1996,1.52,0.22,0.72,2.46,2
Louisiana,1995,1.51,0.21,0.73,2.46,2
Louisiana,1994,1.45,0.21,0.73,2.39,3
Louisiana,1993,1.53,0.21,0.72,2.47,3
Louisiana,1992,1.55,0.22,0.74,2.51,3
Louisiana,1991,1.52,0.21,0.73,2.46,4
Louisiana,1990,1.53,0.23,0.78,2.54,5
Louisiana,1989,1.47,0.24,0.74,2.45,6
Louisiana,1988,1.49,0.24,0.71,2.44,6
Louisiana,1987,1.40,0.25,0.77,2.41,7
Louisiana,1986,1.42,0.26,0.79,2.47,6
Louisiana,1985,1.37,0.28,0.87,2.52,6
Louisiana,1984,1.42,0.29,0.95,2.66,6
Louisiana,1983,1.44,0.31,1.03,2.77,5
Louisiana,1982,1.49,0.30,1.00,2.78,5
Louisiana,1981,1.49,0.28,1.02,2.79,6
Louisiana,1980,1.40,0.27,1.03,2.70,6
Louisiana,1979,1.32,0.25,1.04,2.61,6
Louisiana,1978,1.32,0.25,1.04,2.60,6
Louisiana,1977,1.27,0.25,1.00,2.51,6
Maine,2023,1.21,0.41,1.16,2.79,4
Maine,2022,1.28,0.43,1.18,2.89,3
Maine,2021,1.34,0.44,1.20,2.98,3
Maine,2020,1.34,0.44,1.18,2.96,3
Maine,2019,1.35,0.44,1.11,2.90,2
Maine,2018,1.33,0.44,1.07,2.85,3
Maine,2017,1.35,0.44,1.05,2.85,2
Maine,2016,1.36,0.44,1.01,2.81,3
Maine,2015,1.37,0.44,0.97,2.78,3
Maine,2014,1.36,0.42,0.93,2.70,3
Maine,2013,1.36,0.42,0.91,2.69,3
Maine,2012,1.34,0.42,0.89,2.65,4
Maine,2011,1.31,0.42,0.87,2.60,3
Maine,2010,1.30,0.42,0.84,2.56,3
Maine,2009,1.31,0.42,0.82,2.55,4
Maine,2008,1.33,0.42,0.81,2.56,4
Maine,2007,1.35,0.42,0.80,2.57,4
Maine,2006,1.34,0.42,0.78,2.54,4
Maine,2005,1.34,0.41,0.77,2.52,3
Maine,2004,1.26,0.41,0.76,2.44,4
Maine,2003,1.25,0.40,0.74,2.39,4
Maine,2002,1.23,0.40,0.70,2.33,4
Maine,2001,1.21,0.37,0.70,2.28,5
Maine,2000,1.17,0.38,0.68,2.23,6
Maine,1999,1.16,0.36,0.69,2.21,6
Maine,1998,1.14,0.33,0.69,2.17,6
Maine,1997,1.16,0.32,0.68,2.16,6
Maine,1996,1.21,0.32,0.69,2.22,5
Maine,1995,1.14,0.28,0.70,2.12,6
Maine,1994,1.13,0.27,0.77,2.18,6
Maine,1993,1.15,0.29,0.79,2.22,6
Maine,1992,1.16,0.29,0.78,2.23,6
Maine,1991,1.18,0.30,0.77,2.25,6
Maine,1990,1.21,0.31,0.82,2.34,6
Maine,1989,1.26,0.34,0.86,2.46,6
Maine,1988,1.29,0.36,0.91,2.55,5
Maine,1987,1.27,0.38,0.91,2.56,5
Maine,1986,1.29,0.36,0.92,2.57,6
Maine,1985,1.29,0.33,0.94,2.56,6
Maine,1984,1.25,0.31,1.02,2.57,6
Maine,1983,1.32,0.29,1.03,2.64,6
Maine,1982,1.30,0.30,1.02,2.62,6
Maine,1981,1.24,0.28,1.05,2.57,7
Maine,1980,1.32,0.28,1.06,2.66,6
Maine,1979,1.27,0.27,1.05,2.59,6
Maine,1978,1.28,0.26,1.03,2.57,6
Maine,1977,1.35,0.23,1.02,2.60,6
Maryland,2023,0.67,0.34,1.17,2.18,7
Maryland,2022,0.63,0.34,1.13,2.10,9
Maryland,2021,0.76,0.39,1.05,2.21,8
Maryland,2020,0.76,0.40,0.96,2.12,9
Maryland,2019,0.74,0.38,0.90,2.03,9
Maryland,2018,0.78,0.39,0.92,2.08,8
Maryland,2017,0.82,0.40,0.92,2.14,8
Maryland,2016,0.83,0.40,0.92,2.16,8
Maryland,2015,0.85,0.39,0.90,2.14,8
Maryland,2014,0.86,0.39,0.90,2.15,8
Maryland,2013,0.89,0.39,0.90,2.18,8
Maryland,2012,0.91,0.39,0.90,2.21,7
Maryland,2011,0.92,0.39,0.89,2.19,7
Maryland,2010,0.94,0.38,0.89,2.21,7
Maryland,2009,0.96,0.36,0.86,2.19,8
Maryland,2008,0.99,0.36,0.84,2.19,8
Maryland,2007,1.01,0.36,0.84,2.20,7
Maryland,2006,1.01,0.34,0.83,2.18,7
Maryland,2005,1.02,0.34,0.81,2.16,7
Maryland,2004,1.03,0.33,0.79,2.15,7
Maryland,2003,1.03,0.32,0.77,2.12,7
Maryland,2002,1.06,0.31,0.76,2.12,7
Maryland,2001,1.06,0.30,0.75,2.11,7
Maryland,2000,1.04,0.30,0.75,2.09,7
Maryland,1999,1.04,0.30,0.74,2.08,7
Maryland,1998,1.05,0.30,0.73,2.08,7
Maryland,1997,1.08,0.29,0.73,2.11,7
Maryland,1996,1.05,0.29,0.74,2.08,7
Maryland,1995,1.07,0.28,0.74,2.09,7
Maryland,1994,1.09,0.28,0.78,2.15,6
Maryland,1993,1.10,0.28,0.80,2.19,7
Maryland,1992,1.11,0.29,0.86,2.26,6
Maryland,1991,1.15,0.30,0.89,2.33,6
Maryland,1990,1.22,0.33,0.96,2.51,5
Maryland,1989,1.20,0.34,0.97,2.52,4
Maryland,1988,1.24,0.36,1.00,2.60,4
Maryland,1987,1.28,0.38,1.06,2.71,4
Maryland,1986,1.28,0.38,1.07,2.73,4
Maryland,1985,1.30,0.36,1.14,2.80,4
Maryland,1984,1.31,0.36,1.17,2.84,4
Maryland,1983,1.34,0.35,1.20,2.89,4
Maryland,1982,1.27,0.32,1.16,2.76,5
Maryland,1981,1.39,0.34,1.33,3.06,4
Maryland,1980,1.41,0.33,1.35,3.08,4
Maryland,1979,1.43,0.31,1.39,3.13,3
Maryland,1978,1.40,0.31,1.38,3.09,3
Maryland,1977,1.36,0.30,1.38,3.05,3
Massachusetts,2023,0.75,0.55,1.57,2.87,3
Massachusetts,2022,0.80,0.57,1.46,2.82,4
Massachusetts,2021,0.85,0.59,1.34,2.78,4
Massachusetts,2020,0.84,0.61,1.14,2.59,5
Massachusetts,2019,0.91,0.61,1.04,2.56,4
Massachusetts,2018,0.91,0.64,1.01,2.56,4
Massachusetts,2017,0.95,0.66,0.97,2.58,4
Massachusetts,2016,0.95,0.65,0.97,2.56,4
Massachusetts,2015,0.96,0.65,0.91,2.52,4
Massachusetts,2014,0.98,0.66,0.91,2.54,4
Massachusetts,2013,1.00,0.66,0.89,2.55,4
Massachusetts,2012,1.03,0.65,0.88,2.56,4
Massachusetts,2011,1.02,0.64,0.88,2.54,4
Massachusetts,2010,1.04,0.62,0.84,2.50,4
Massachusetts,2009,1.03,0.62,0.85,2.49,4
Massachusetts,2008,1.08,0.62,0.84,2.54,4
Massachusetts,2007,1.11,0.62,0.87,2.59,4
Massachusetts,2006,1.10,0.61,0.85,2.56,3
Massachusetts,2005,1.07,0.59,0.85,2.51,3
Massachusetts,2004,1.10,0.58,0.84,2.52,3
Massachusetts,2003,1.10,0.56,0.82,2.49,3
Massachusetts,2002,1.13,0.54,0.80,2.47,3
Massachusetts,2001,1.13,0.52,0.79,2.44,3
Massachusetts,2000,1.16,0.51,0.87,2.55,2
Massachusetts,1999,1.09,0.51,0.79,2.39,4
Massachusetts,1998,1.14,0.50,0.75,2.39,3
Massachusetts,1997,1.13,0.49,0.76,2.39,3
Massachusetts,1996,1.11,0.48,0.77,2.35,3
Massachusetts,1995,1.13,0.44,0.78,2.35,3
Massachusetts,1994,1.14,0.44,0.80,2.38,3
Massachusetts,1993,1.14,0.44,0.80,2.38,4
Massachusetts,1992,1.12,0.44,0.82,2.38,5
Massachusetts,1991,1.19,0.43,0.87,2.49,3
Massachusetts,1990,1.22,0.45,0.97,2.63,3
Massachusetts,1989,1.24,0.46,1.00,2.70,3
Massachusetts,1988,1.27,0.49,1.05,2.81,3
Massachusetts,1987,1.27,0.50,1.11,2.88,3
Massachusetts,1986,1.29,0.52,1.11,2.92,3
Massachusetts,1985,1.28,0.50,1.19,2.97,3
Massachusetts,1984,1.29,0.50,1.23,3.02,3
Massachusetts,1983,1.36,0.49,1.20,3.05,3
Massachusetts,1982,1.35,0.50,1.22,3.07,3
Massachusetts,1981,1.44,0.49,1.24,3.17,3
Massachusetts,1980,1.46,0.45,1.26,3.18,3
Massachusetts,1979,1.40,0.43,1.24,3.07,3
Massachusetts,1978,1.38,0.41,1.26,3.05,3
Massachusetts,1977,1.35,0.37,1.25,2.97,3
Michigan,2023,0.89,0.36,1.05,2.30,6
Michigan,2022,0.94,0.39,1.06,2.39,6
Michigan,2021,0.98,0.42,1.09,2.50,5
Michigan,2020,0.99,0.42,1.09,2.51,5
Michigan,2019,1.00,0.40,0.99,2.38,6
Michigan,2018,1.00,0.40,0.96,2.37,6
Michigan,2017,1.01,0.40,0.93,2.34,6
Michigan,2016,1.03,0.39,0.91,2.34,6
Michigan,2015,0.99,0.36,0.89,2.24,7
Michigan,2014,1.05,0.39,0.88,2.32,6
Michigan,2013,1.01,0.37,0.85,2.23,7
Michigan,2012,1.08,0.35,0.84,2.27,7
Michigan,2011,1.07,0.35,0.83,2.25,7
Michigan,2010,1.09,0.33,0.81,2.23,7
Michigan,2009,1.11,0.32,0.80,2.23,7
Michigan,2008,1.13,0.30,0.79,2.22,7
Michigan,2007,1.13,0.30,0.77,2.19,7
Michigan,2006,1.13,0.29,0.76,2.18,7
Michigan,2005,1.15,0.28,0.74,2.16,7
Michigan,2004,1.16,0.27,0.72,2.15,7
Michigan,2003,1.17,0.28,0.72,2.17,7
Michigan,2002,1.19,0.25,0.69,2.13,7
Michigan,2001,1.18,0.23,0.68,2.09,7
Michigan,2000,1.20,0.24,0.68,2.13,7
Michigan,1999,1.20,0.24,0.67,2.11,7
Michigan,1998,1.20,0.22,0.68,2.10,7
Michigan,1997,1.19,0.22,0.66,2.07,7
Michigan,1996,1.22,0.22,0.66,2.09,7
Michigan,1995,1.20,0.19,0.67,2.06,7
Michigan,1994,1.23,0.20,0.67,2.10,7
Michigan,1993,1.26,0.20,0.72,2.18,7
Michigan,1992,1.26,0.22,0.74,2.21,7
Michigan,1991,1.30,0.22,0.74,2.26,6
Michigan,1990,1.33,0.28,0.80,2.42,6
Michigan,1989,1.29,0.30,0.80,2.39,6
Michigan,1988,1.32,0.32,0.84,2.48,6
Michigan,1987,1.32,0.33,0.85,2.51,6
Michigan,1986,1.33,0.33,0.90,2.57,5
Michigan,1985,1.31,0.32,0.96,2.59,6
Michigan,1984,1.33,0.31,0.98,2.61,6
Michigan,1983,1.36,0.28,0.98,2.62,6
Michigan,1982,1.35,0.39,0.99,2.73,6
Michigan,1981,1.34,0.29,1.00,2.63,6
Michigan,1980,1.34,0.28,1.02,2.65,6
Michigan,1979,1.36,0.25,1.03,2.65,6
Michigan,1978,1.43,0.25,1.05,2.74,5
Michigan,1977,1.45,0.24,1.02,2.71,5
Minnesota,2023,1.03,0.37,1.47,2.87,3
Minnesota,2022,1.06,0.39,1.40,2.86,3
Minnesota,2021,1.13,0.42,1.36,2.91,3
Minnesota,2020,1.10,0.44,1.29,2.83,3
Minnesota,2019,1.12,0.43,1.23,2.79,3
Minnesota,2018,1.14,0.44,1.21,2.79,3
Minnesota,2017,1.15,0.44,1.19,2.77,3
Minnesota,2016,1.15,0.44,1.17,2.77,3
Minnesota,2015,1.16,0.43,1.14,2.73,3
Minnesota,2014,1.14,0.44,1.23,2.81,2
Minnesota,2013,1.14,0.43,1.16,2.72,3
Minnesota,2012,1.18,0.42,1.11,2.71,3
Minnesota,2011,1.13,0.34,1.00,2.47,4
Minnesota,2010,1.14,0.33,0.97,2.44,4
Minnesota,2009,1.19,0.37,1.04,2.59,3
Minnesota,2008,1.21,0.36,1.03,2.60,3
Minnesota,2007,1.23,0.36,1.01,2.60,3
Minnesota,2006,1.15,0.32,0.93,2.40,5
Minnesota,2005,1.18,0.33,0.97,2.48,4
Minnesota,2004,1.24,0.31,0.94,2.50,3
Minnesota,2003,1.22,0.29,0.91,2.43,3
Minnesota,2002,1.26,0.28,0.88,2.41,3
Minnesota,2001,1.25,0.26,0.88,2.39,4
Minnesota,2000,1.24,0.26,0.87,2.37,4
Minnesota,1999,1.23,0.27,0.86,2.36,4
Minnesota,1998,1.16,0.27,0.84,2.27,4
Minnesota,1997,1.20,0.27,0.85,2.31,4
Minnesota,1996,1.23,0.26,0.83,2.32,4
Minnesota,1995,1.29,0.26,0.83,2.38,3
Minnesota,1994,1.27,0.25,0.83,2.35,4
Minnesota,1993,1.24,0.24,0.84,2.33,5
Minnesota,1992,1.25,0.25,0.85,2.35,5
Minnesota,1991,1.30,0.24,0.81,2.35,5
Minnesota,1990,1.32,0.27,0.96,2.55,4
Minnesota,1989,1.29,0.27,0.89,2.46,6
Minnesota,1988,1.31,0.30,0.90,2.51,5
Minnesota,1987,1.32,0.32,0.94,2.58,5
Minnesota,1986,1.31,0.34,0.93,2.57,5
Minnesota,1985,1.31,0.31,1.06,2.68,5
Minnesota,1984,1.34,0.28,1.07,2.69,5
Minnesota,1983,1.38,0.27,1.10,2.74,6
Minnesota,1982,1.37,0.27,1.11,2.75,6
Minnesota,1981,1.39,0.27,1.18,2.84,5
Minnesota,1980,1.39,0.26,1.20,2.85,5
Minnesota,1979,1.36,0.24,1.17,2.77,5
Minnesota,1978,1.32,0.23,1.16,2.71,5
Minnesota,1977,1.31,0.21,1.16,2.67,5
Mississippi,2023,1.08,0.18,0.90,2.16,8
Mississippi,2022,1.15,0.19,0.91,2.25,7
Mississippi,2021,1.19,0.21,1.00,2.41,6
Mississippi,2020,1.20,0.22,0.99,2.40,6
Mississippi,2019,1.20,0.18,0.83,2.21,7
Mississippi,2018,1.21,0.18,0.79,2.18,7
Mississippi,2017,1.25,0.18,0.77,2.20,7
Mississippi,2016,1.28,0.17,0.77,2.23,7
Mississippi,2015,1.31,0.17,0.77,2.24,7
Mississippi,2014,1.32,0.16,0.75,2.23,7
Mississippi,2013,1.35,0.16,0.73,2.24,7
Mississippi,2012,1.37,0.16,0.71,2.24,7
Mississippi,2011,1.36,0.16,0.71,2.22,7
Mississippi,2010,1.37,0.15,0.70,2.22,7
Mississippi,2009,1.41,0.15,0.70,2.26,7
Mississippi,2008,1.44,0.15,0.70,2.28,7
Mississippi,2007,1.45,0.14,0.68,2.26,6
Mississippi,2006,1.43,0.13,0.67,2.23,7
Mississippi,2005,1.40,0.13,0.65,2.18,7
Mississippi,2004,1.38,0.13,0.63,2.14,7
Mississippi,2003,1.38,0.12,0.63,2.13,7
Mississippi,2002,1.41,0.12,0.61,2.13,7
Mississippi,2001,1.40,0.11,0.60,2.11,7
Mississippi,2000,1.43,0.11,0.61,2.14,7
Mississippi,1999,1.42,0.11,0.61,2.14,7
Mississippi,1998,1.40,0.09,0.59,2.08,7
Mississippi,1997,1.39,0.09,0.61,2.09,7
Mississippi,1996,1.42,0.10,0.62,2.14,6
Mississippi,1995,1.37,0.10,0.61,2.09,7
Mississippi,1994,1.28,0.08,0.63,2.00,7
Mississippi,1993,1.37,0.10,0.63,2.11,7
Mississippi,1992,1.35,0.09,0.63,2.08,8
Mississippi,1991,1.32,0.09,0.64,2.05,8
Mississippi,1990,1.34,0.09,0.65,2.08,8
Mississippi,1989,1.28,0.09,0.66,2.04,9
Mississippi,1988,1.30,0.09,0.67,2.06,9
Mississippi,1987,1.28,0.09,0.66,2.04,9
Mississippi,1986,1.28,0.10,0.69,2.07,9
Mississippi,1985,1.22,0.10,0.74,2.07,9
Mississippi,1984,1.20,0.11,0.77,2.08,9
Mississippi,1983,1.20,0.11,0.80,2.10,9
Mississippi,1982,1.18,0.11,0.81,2.10,9
Mississippi,1981,1.19,0.11,0.84,2.13,9
Mississippi,1980,1.13,0.10,0.86,2.09,9
Mississippi,1979,1.10,0.09,0.81,2.00,9
Mississippi,1978,1.11,0.10,0.88,2.09,8
Mississippi,1977,1.04,0.10,0.83,1.98,9
Missouri .................,2023,1.01,0.34,1.41,2.76,4
Missouri .................,2022,1.05,0.36,1.35,2.75,4
Missouri .................,2021,1.10,0.39,1.32,2.81,4
Missouri .................,2020,1.09,0.39,1.21,2.68,4
Missouri .................,2019,1.09,0.37,1.09,2.56,5
Missouri .................,2018,1.11,0.38,1.02,2.51,5
Missouri .................,2017,1.13,0.39,1.01,2.53,5
Missouri .................,2016,1.15,0.38,0.96,2.49,5
Missouri .................,2015,1.17,0.39,0.97,2.53,4
Missouri .................,2014,1.16,0.36,0.88,2.40,5
Missouri .................,2013,1.19,0.36,0.89,2.44,5
Missouri .................,2012,1.22,0.34,0.86,2.42,5
Missouri .................,2011,1.24,0.34,0.86,2.45,5
Missouri .................,2010,1.27,0.32,0.81,2.41,5
Missouri .................,2009,1.30,0.30,0.83,2.43,5
Missouri .................,2008,1.32,0.30,0.80,2.42,5
Missouri .................,2007,1.33,0.30,0.78,2.40,5
Missouri .................,2006,1.33,0.28,0.76,2.37,5
Missouri .................,2005,1.31,0.27,0.73,2.30,5
Missouri .................,2004,1.33,0.27,0.72,2.32,5
Missouri .................,2003,1.34,0.26,0.70,2.29,5
Missouri .................,2002,1.36,0.25,0.67,2.27,5
Missouri .................,2001,1.34,0.23,0.67,2.25,5
Missouri .................,2000,1.35,0.23,0.67,2.25,5
Missouri .................,1999,1.35,0.23,0.66,2.23,5
Missouri .................,1998,1.33,0.23,0.63,2.18,6
Missouri .................,1997,1.30,0.22,0.63,2.15,6
Missouri .................,1996,1.31,0.22,0.57,2.10,7
Missouri .................,1995,1.31,0.20,0.62,2.14,6
Missouri .................,1994,1.36,0.19,0.66,2.21,6
Missouri .................,1993,1.33,0.20,0.67,2.20,6
Missouri .................,1992,1.34,0.21,0.69,2.24,6
Missouri .................,1991,1.35,0.22,0.64,2.20,7
Missouri .................,1990,1.37,0.22,0.70,2.30,7
Missouri .................,1989,1.36,0.23,0.70,2.28,7
Missouri .................,1988,1.35,0.26,0.70,2.31,7
Missouri .................,1987,1.38,0.28,0.73,2.39,7
Missouri .................,1986,1.38,0.28,0.73,2.39,7
Missouri .................,1985,1.34,0.26,0.77,2.37,7
Missouri .................,1984,1.35,0.26,0.68,2.29,8
Missouri .................,1983,1.38,0.22,0.78,2.38,8
Missouri .................,1982,1.39,0.22,0.79,2.39,7
Missouri .................,1981,1.41,0.22,0.84,2.46,7
Missouri .................,1980,1.39,0.20,0.84,2.44,7
Missouri .................,1979,1.36,0.20,0.86,2.42,7
Missouri .................,1978,1.31,0.19,0.89,2.39,7
Missouri .................,1977,1.23,0.19,0.83,2.24,8
Montana,2023,1.53,0.48,1.11,3.12,2
Montana,2022,1.58,0.50,1.14,3.22,2
Montana,2021,1.66,0.53,1.14,3.33,1
Montana,2020,1.65,0.53,1.12,3.31,1
Montana,2019,1.61,0.51,1.02,3.15,2
Montana,2018,1.60,0.51,0.99,3.11,2
Montana,2017,1.61,0.51,0.98,3.10,2
Montana,2016,1.62,0.52,0.98,3.11,2
Montana,2015,1.63,0.50,0.96,3.09,2
Montana,2014,1.62,0.50,0.96,3.08,2
Montana,2013,1.63,0.49,0.95,3.07,2
Montana,2012,1.65,0.48,0.94,3.07,2
Montana,2011,1.61,0.47,0.90,2.97,2
Montana,2010,1.65,0.45,0.88,2.98,2
Montana,2009,1.64,0.45,0.87,2.96,2
Montana,2008,1.66,0.44,0.87,2.97,2
Montana,2007,1.66,0.43,0.85,2.94,2
Montana,2006,1.63,0.41,0.82,2.87,2
Montana,2005,1.59,0.42,0.77,2.78,2
Montana,2004,1.57,0.34,0.75,2.66,2
Montana,2003,1.56,0.33,0.72,2.62,2
Montana,2002,1.62,0.33,0.70,2.65,2
Montana,2001,1.58,0.30,0.68,2.56,2
Montana,2000,1.57,0.29,0.68,2.54,2
Montana,1999,1.56,0.28,0.67,2.51,2
Montana,1998,1.53,0.27,0.65,2.45,2
Montana,1997,1.41,0.27,0.64,2.32,4
Montana,1996,1.55,0.26,0.64,2.45,3
Montana,1995,1.52,0.25,0.78,2.55,2
Montana,1994,1.57,0.24,0.70,2.51,2
Montana,1993,1.49,0.25,0.73,2.47,3
Montana,1992,1.59,0.26,0.75,2.61,2
Montana,1991,1.61,0.28,0.76,2.64,3
Montana,1990,1.61,0.29,0.77,2.67,3
Montana,1989,1.59,0.29,0.73,2.61,4
Montana,1988,1.61,0.32,0.77,2.70,4
Montana,1987,1.59,0.34,0.78,2.70,4
Montana,1986,1.60,0.34,0.82,2.76,4
Montana,1985,1.62,0.33,0.89,2.84,4
Montana,1984,1.71,0.32,0.93,2.97,3
Montana,1983,1.80,0.32,0.99,3.11,3
Montana,1982,1.82,0.32,1.02,3.16,3
Montana,1981,1.90,0.33,1.05,3.27,3
Montana,1980,1.82,0.35,1.03,3.20,3
Montana,1979,1.83,0.41,1.05,3.29,2
Montana,1978,1.82,0.20,1.07,3.09,2
Montana,1977,1.82,0.20,1.10,3.11,2
Nebraska ...............,2023,1.01,0.20,0.86,2.07,9
Nebraska ...............,2022,1.09,0.21,0.86,2.16,8
Nebraska ...............,2021,1.16,0.21,0.82,2.19,8
Nebraska ...............,2020,1.18,0.21,0.75,2.14,8
Nebraska ...............,2019,1.21,0.22,0.74,2.17,8
Nebraska ...............,2018,1.22,0.22,0.74,2.17,7
Nebraska ...............,2017,1.26,0.22,0.73,2.21,7
Nebraska ...............,2016,1.30,0.22,0.73,2.25,7
Nebraska ...............,2015,1.34,0.22,0.72,2.28,6
Nebraska ...............,2014,1.37,0.21,0.72,2.30,6
Nebraska ...............,2013,1.39,0.21,0.71,2.32,6
Nebraska ...............,2012,1.41,0.21,0.69,2.31,6
Nebraska ...............,2011,1.39,0.21,0.69,2.28,6
Nebraska ...............,2010,1.40,0.21,0.67,2.28,6
Nebraska ...............,2009,1.42,0.20,0.67,2.29,6
Nebraska ...............,2008,1.45,0.20,0.68,2.33,6
Nebraska ...............,2007,1.43,0.20,0.67,2.31,6
Nebraska ...............,2006,1.42,0.21,0.71,2.35,6
Nebraska ...............,2005,1.41,0.20,0.68,2.29,6
Nebraska ...............,2004,1.44,0.20,0.65,2.28,6
Nebraska ...............,2003,1.43,0.19,0.63,2.24,6
Nebraska ...............,2002,1.45,0.17,0.61,2.23,6
Nebraska ...............,2001,1.43,0.16,0.60,2.20,6
Nebraska ...............,2000,1.44,0.17,0.62,2.23,6
Nebraska ...............,1999,1.42,0.17,0.60,2.19,6
Nebraska ...............,1998,1.39,0.18,0.58,2.16,6
Nebraska ...............,1997,1.35,0.18,0.56,2.09,7
Nebraska ...............,1996,1.35,0.18,0.57,2.11,6
Nebraska ...............,1995,1.35,0.19,0.57,2.10,7
Nebraska ...............,1994,1.39,0.18,0.57,2.14,7
Nebraska ...............,1993,1.37,0.18,0.59,2.14,7
Nebraska ...............,1992,1.37,0.18,0.61,2.16,7
Nebraska ...............,1991,1.40,0.18,0.61,2.19,7
Nebraska ...............,1990,1.41,0.20,0.64,2.25,7
Nebraska ...............,1989,1.41,0.20,0.64,2.26,7
Nebraska ...............,1988,1.41,0.22,0.66,2.30,7
Nebraska ...............,1987,1.43,0.23,0.67,2.33,7
Nebraska ...............,1986,1.41,0.23,0.69,2.33,7
Nebraska ...............,1985,1.41,0.22,0.76,2.39,7
Nebraska ...............,1984,1.46,0.21,0.77,2.43,7
Nebraska ...............,1983,1.50,0.21,0.80,2.51,7
Nebraska ...............,1982,1.51,0.28,0.58,2.37,7
Nebraska ...............,1981,1.57,0.20,0.88,2.65,6
Nebraska ...............,1980,1.56,0.19,0.88,2.63,6
Nebraska ...............,1979,1.52,0.18,0.89,2.59,7
Nebraska ...............,1978,1.48,0.18,0.90,2.56,6
Nebraska ...............,1977,1.46,0.17,0.91,2.54,6
Nevada,2023,1.26,0.56,1.73,3.55,1
Nevada,2022,1.31,0.58,1.71,3.60,1
Nevada,2021,1.35,0.59,1.64,3.58,1
Nevada,2020,1.33,0.59,1.52,3.44,1
Nevada,2019,1.33,0.59,1.48,3.41,1
Nevada,2018,1.36,0.61,1.48,3.45,1
Nevada,2017,1.40,0.61,1.48,3.49,1
Nevada,2016,1.42,0.62,1.48,3.52,1
Nevada,2015,1.39,0.66,1.30,3.35,1
Nevada,2014,1.41,0.66,1.31,3.38,1
Nevada,2013,1.41,0.63,1.28,3.32,1
Nevada,2012,1.41,0.62,1.25,3.28,1
Nevada,2011,1.45,0.63,1.27,3.35,1
Nevada,2010,1.49,0.60,1.21,3.30,1
Nevada,2009,1.53,0.56,1.11,3.21,1
Nevada,2008,1.63,0.61,1.29,3.53,1
Nevada,2007,1.66,0.62,1.23,3.52,1
Nevada,2006,1.71,0.65,1.28,3.63,1
Nevada,2005,1.69,0.62,1.21,3.52,1
Nevada,2004,1.73,0.63,1.25,3.61,1
Nevada,2003,1.74,0.61,1.23,3.59,1
Nevada,2002,1.74,0.60,1.22,3.56,1
Nevada,2001,1.79,0.59,1.21,3.59,1
Nevada,2000,1.79,0.62,1.26,3.67,1
Nevada,1999,1.82,0.63,1.29,3.74,1
Nevada,1998,1.80,0.58,1.23,3.62,1
Nevada,1997,1.84,0.58,1.30,3.72,1
Nevada,1996,1.91,0.59,1.39,3.89,1
Nevada,1995,1.87,0.58,1.39,3.84,1
Nevada,1994,1.93,0.57,1.51,4.00,1
Nevada,1993,1.95,0.58,1.54,4.07,1
Nevada,1992,2.02,0.62,1.61,4.25,1
Nevada,1991,2.05,0.63,1.63,4.31,1
Nevada,1990,2.17,0.69,1.92,4.78,1
Nevada,1989,2.12,0.71,1.87,4.70,1
Nevada,1988,2.08,0.76,1.95,4.80,1
Nevada,1987,2.01,0.83,2.05,4.89,1
Nevada,1986,2.04,0.86,2.07,4.97,1
Nevada,1985,1.96,0.84,2.18,4.99,1
Nevada,1984,1.97,0.80,2.32,5.10,1
Nevada,1983,1.96,0.78,2.43,5.18,1
Nevada,1982,2.00,0.77,2.50,5.27,1
Nevada,1981,2.08,0.80,2.71,5.59,1
Nevada,1980,2.06,0.78,2.90,5.75,1
Nevada,1979,2.07,0.79,2.97,5.83,1
Nevada,1978,2.01,0.77,3.34,6.13,1
Nevada,1977,1.99,0.77,3.56,6.32,1
New Hampshire,2023,1.60,0.74,1.86,4.20,1
New Hampshire,2022,1.66,0.80,2.01,4.48,1
New Hampshire,2021,1.66,0.76,1.80,4.22,1
New Hampshire,2020,1.58,0.84,2.09,4.51,1
New Hampshire,2019,1.58,0.82,2.12,4.52,1
New Hampshire,2018,1.62,0.84,2.04,4.51,1
New Hampshire,2017,1.66,0.87,2.01,4.54,1
New Hampshire,2016,1.86,0.88,1.99,4.73,1
New Hampshire,2015,1.87,0.88,1.95,4.69,1
New Hampshire,2014,1.68,0.89,1.95,4.52,1
New Hampshire,2013,1.86,0.89,1.92,4.67,1
New Hampshire,2012,1.90,0.86,1.88,4.64,1
New Hampshire,2011,1.86,0.92,1.98,4.76,1
New Hampshire,2010,1.81,0.84,1.85,4.50,1
New Hampshire,2009,1.79,0.84,1.84,4.47,1
New Hampshire,2008,1.78,0.81,1.79,4.39,1
New Hampshire,2007,1.82,0.79,1.75,4.36,1
New Hampshire,2006,1.73,0.78,1.77,4.28,1
New Hampshire,2005,1.75,0.75,1.71,4.20,1
New Hampshire,2004,1.74,0.73,1.67,4.14,1
New Hampshire,2003,1.75,0.71,1.63,4.09,1
New Hampshire,2002,1.75,0.70,1.64,4.09,1
New Hampshire,2001,1.75,0.66,1.62,4.03,1
New Hampshire,2000,1.78,0.65,1.63,4.06,1
New Hampshire,1999,1.78,0.65,1.64,4.07,1
New Hampshire,1998,1.77,0.55,1.67,3.99,1
New Hampshire,1997,1.78,0.54,1.72,4.04,1
New Hampshire,1996,1.78,0.53,1.79,4.11,1
New Hampshire,1995,1.73,0.50,1.79,4.02,1
New Hampshire,1994,1.75,0.48,1.90,4.13,1
New Hampshire,1993,1.83,0.54,2.01,4.38,1
New Hampshire,1992,1.81,0.52,1.96,4.30,1
New Hampshire,1991,1.85,0.49,1.96,4.30,1
New Hampshire,1990,1.85,0.49,1.97,4.30,1
New Hampshire,1989,1.87,0.50,2.00,4.38,1
New Hampshire,1988,1.91,0.49,1.94,4.34,1
New Hampshire,1987,1.93,0.50,1.99,4.42,1
New Hampshire,1986,1.93,0.52,2.06,4.52,1
New Hampshire,1985,1.99,0.53,2.22,4.74,1
New Hampshire,1984,1.99,0.59,2.33,4.92,1
New Hampshire,1983,2.17,0.56,2.36,5.09,1
New Hampshire,1982,1.90,0.59,2.35,4.84,1
New Hampshire,1981,1.89,0.59,2.43,4.91,1
New Hampshire,1980,1.93,0.60,2.49,5.02,1
New Hampshire,1979,1.94,0.61,2.56,5.10,1
New Hampshire,1978,1.95,0.53,2.88,5.36,1
New Hampshire,1977,1.86,0.49,2.88,5.23,1
New Jersey,2023,0.73,0.48,1.34,2.55,5
New Jersey,2022,0.74,0.51,1.29,2.54,5
New Jersey,2021,0.82,0.55,1.25,2.63,5
New Jersey,2020,0.78,0.58,1.16,2.53,5
New Jersey,2019,0.80,0.58,1.01,2.39,5
New Jersey,2018,0.80,0.58,0.98,2.36,6
New Jersey,2017,0.80,0.60,0.96,2.36,5
New Jersey,2016,0.83,0.60,0.93,2.36,5
New Jersey,2015,0.84,0.60,0.93,2.37,5
New Jersey,2014,0.84,0.62,0.93,2.39,5
New Jersey,2013,0.84,0.61,0.92,2.37,5
New Jersey,2012,0.89,0.60,0.91,2.40,5
New Jersey,2011,0.89,0.58,0.89,2.37,5
New Jersey,2010,0.92,0.57,0.86,2.35,5
New Jersey,2009,0.91,0.57,0.86,2.34,6
New Jersey,2008,0.93,0.55,0.86,2.35,6
New Jersey,2007,0.93,0.55,0.86,2.33,6
New Jersey,2006,0.95,0.54,0.85,2.33,6
New Jersey,2005,0.95,0.52,0.83,2.30,5
New Jersey,2004,0.96,0.52,0.82,2.30,6
New Jersey,2003,0.95,0.50,0.80,2.24,6
New Jersey,2002,0.98,0.49,0.77,2.24,6
New Jersey,2001,0.99,0.47,0.75,2.20,6
New Jersey,2000,0.97,0.47,0.76,2.20,6
New Jersey,1999,0.97,0.47,0.74,2.18,6
New Jersey,1998,0.98,0.46,0.71,2.15,6
New Jersey,1997,0.99,0.46,0.74,2.19,5
New Jersey,1996,1.00,0.44,0.76,2.20,6
New Jersey,1995,1.06,0.44,0.79,2.28,4
New Jersey,1994,1.04,0.43,0.79,2.27,5
New Jersey,1993,1.07,0.42,0.79,2.29,5
New Jersey,1992,1.07,0.44,0.83,2.34,5
New Jersey,1991,1.09,0.43,0.82,2.34,6
New Jersey,1990,1.15,0.48,0.95,2.58,4
New Jersey,1989,1.13,0.50,0.95,2.58,4
New Jersey,1988,1.15,0.51,0.93,2.58,4
New Jersey,1987,1.18,0.54,1.00,2.72,4
New Jersey,1986,1.17,0.56,1.03,2.77,3
New Jersey,1985,1.17,0.55,1.07,2.79,4
New Jersey,1984,1.18,0.54,1.10,2.82,4
New Jersey,1983,1.20,0.52,1.13,2.85,4
New Jersey,1982,1.21,0.52,1.13,2.87,4
New Jersey,1981,1.21,0.51,1.15,2.87,5
New Jersey,1980,1.22,0.47,1.13,2.82,5
New Jersey,1979,1.18,0.43,1.10,2.71,6
New Jersey,1978,1.17,0.41,1.10,2.69,6
New Jersey,1977,1.16,0.40,1.13,2.69,5
New Mexico,2023,1.13,0.29,0.88,2.31,6
New Mexico,2022,1.18,0.31,0.89,2.37,6
New Mexico,2021,1.21,0.31,0.85,2.37,7
New Mexico,2020,1.20,0.31,0.79,2.29,7
New Mexico,2019,1.17,0.31,0.78,2.26,6
New Mexico,2018,1.07,0.31,0.89,2.27,6
New Mexico,2017,1.05,0.30,0.81,2.16,7
New Mexico,2016,1.10,0.31,0.84,2.26,6
New Mexico,2015,1.02,0.30,0.78,2.10,8
New Mexico,2014,1.29,0.31,0.82,2.41,4
New Mexico,2013,1.17,0.34,0.84,2.34,5
New Mexico,2012,1.24,0.33,0.79,2.36,6
New Mexico,2011,1.32,0.31,0.72,2.35,6
New Mexico,2010,1.23,0.31,0.74,2.28,6
New Mexico,2009,1.34,0.31,0.72,2.38,5
New Mexico,2008,1.41,0.31,0.71,2.43,5
New Mexico,2007,1.39,0.30,0.70,2.39,5
New Mexico,2006,1.37,0.30,0.69,2.36,5
New Mexico,2005,1.47,0.29,0.66,2.42,4
New Mexico,2004,1.46,0.25,0.66,2.36,5
New Mexico,2003,1.52,0.27,0.61,2.40,4
New Mexico,2002,1.52,0.26,0.61,2.40,4
New Mexico,2001,1.54,0.25,0.61,2.39,4
New Mexico,2000,1.53,0.25,0.61,2.38,4
New Mexico,1999,1.53,0.25,0.59,2.36,4
New Mexico,1998,1.49,0.24,0.58,2.31,4
New Mexico,1997,1.51,0.24,0.58,2.33,3
New Mexico,1996,1.55,0.24,0.59,2.38,3
New Mexico,1995,1.56,0.24,0.60,2.40,3
New Mexico,1994,1.46,0.19,0.60,2.25,5
New Mexico,1993,1.53,0.23,0.63,2.39,3
New Mexico,1992,1.56,0.25,0.66,2.47,4
New Mexico,1991,1.64,0.26,0.64,2.54,3
New Mexico,1990,1.68,0.28,0.68,2.64,3
New Mexico,1989,1.67,0.29,0.66,2.62,4
New Mexico,1988,1.66,0.33,0.68,2.67,4
New Mexico,1987,1.65,0.36,0.68,2.69,4
New Mexico,1986,1.66,0.36,0.71,2.73,4
New Mexico,1985,1.71,0.36,0.77,2.84,4
New Mexico,1984,1.72,0.28,0.76,2.76,5
New Mexico,1983,1.72,0.31,0.98,3.01,4
New Mexico,1982,1.72,0.34,0.93,2.99,4
New Mexico,1981,1.73,0.32,0.95,3.00,4
New Mexico,1980,1.65,0.32,0.99,2.97,4
New Mexico,1979,1.64,0.29,0.97,2.91,4
New Mexico,1978,1.65,0.31,0.96,2.93,4
New Mexico,1977,1.62,0.31,0.95,2.88,4
New York,2023,0.81,0.45,0.98,2.24,7
New York,2022,0.83,0.46,0.96,2.25,7
New York,2021,0.88,0.49,0.89,2.26,8
New York,2020,0.81,0.49,0.85,2.14,8
New York,2019,0.88,0.54,0.81,2.22,7
New York,2018,0.88,0.52,0.81,2.21,7
New York,2017,0.90,0.54,0.79,2.23,7
New York,2016,0.91,0.53,0.79,2.23,7
New York,2015,0.91,0.50,0.77,2.19,7
New York,2014,0.90,0.54,0.77,2.20,7
New York,2013,0.93,0.51,0.77,2.22,7
New York,2012,0.91,0.51,0.75,2.17,8
New York,2011,0.89,0.50,0.73,2.11,8
New York,2010,0.89,0.48,0.71,2.09,8
New York,2009,0.92,0.47,0.70,2.08,8
New York,2008,0.93,0.47,0.68,2.08,8
New York,2007,0.93,0.47,0.69,2.10,8
New York,2006,0.89,0.46,0.66,2.01,8
New York,2005,0.91,0.43,0.65,1.99,9
New York,2004,0.92,0.42,0.62,1.96,9
New York,2003,0.93,0.40,0.61,1.94,9
New York,2002,0.95,0.38,0.59,1.92,9
New York,2001,0.96,0.37,0.56,1.89,9
New York,2000,0.92,0.38,0.58,1.88,9
New York,1999,0.93,0.37,0.56,1.85,9
New York,1998,0.95,0.38,0.51,1.84,9
New York,1997,0.86,0.36,0.56,1.79,9
New York,1996,0.91,0.36,0.57,1.84,9
New York,1995,1.00,0.38,0.57,1.95,8
New York,1994,0.98,0.35,0.60,1.93,8
New York,1993,1.00,0.35,0.62,1.97,8
New York,1992,1.04,0.37,0.68,2.09,8
New York,1991,1.09,0.37,0.69,2.14,7
New York,1990,1.13,0.41,0.76,2.30,7
New York,1989,1.11,0.42,0.81,2.34,7
New York,1988,1.14,0.44,0.86,2.45,6
New York,1987,1.14,0.47,0.90,2.51,6
New York,1986,1.12,0.50,0.91,2.53,6
New York,1985,1.14,0.49,0.98,2.61,5
New York,1984,1.14,0.49,1.03,2.67,5
New York,1983,1.23,0.49,1.05,2.77,5
New York,1982,1.26,0.48,1.11,2.85,4
New York,1981,1.25,0.46,1.12,2.83,5
New York,1980,1.27,0.46,1.17,2.91,5
New York,1979,1.21,0.44,1.17,2.83,5
New York,1978,1.18,0.42,1.18,2.78,5
New York,1977,1.18,0.39,1.18,2.75,5
North Carolina,2023,1.00,0.46,0.82,2.28,7
North Carolina,2022,1.03,0.49,0.83,2.35,7
North Carolina,2021,1.07,0.50,0.82,2.39,6
North Carolina,2020,1.08,0.48,0.79,2.35,6
North Carolina,2019,1.04,0.45,0.70,2.20,7
North Carolina,2018,1.04,0.45,0.68,2.16,7
North Carolina,2017,1.05,0.44,0.65,2.13,8
North Carolina,2016,1.05,0.43,0.64,2.12,9
North Carolina,2015,1.05,0.42,0.63,2.10,8
North Carolina,2014,1.05,0.41,0.61,2.07,8
North Carolina,2013,1.04,0.40,0.60,2.04,9
North Carolina,2012,1.06,0.38,0.60,2.04,8
North Carolina,2011,1.05,0.37,0.58,2.01,9
North Carolina,2010,1.07,0.35,0.57,2.00,9
North Carolina,2009,1.10,0.34,0.57,2.01,9
North Carolina,2008,1.13,0.33,0.57,2.03,9
North Carolina,2007,1.15,0.34,0.56,2.04,9
North Carolina,2006,1.14,0.33,0.54,2.01,9
North Carolina,2005,1.13,0.30,0.54,1.96,9
North Carolina,2004,1.16,0.30,0.53,1.99,8
North Carolina,2003,1.21,0.27,0.52,2.00,8
North Carolina,2002,1.25,0.27,0.50,2.02,8
North Carolina,2001,1.24,0.25,0.51,2.00,8
North Carolina,2000,1.22,0.25,0.52,1.98,8
North Carolina,1999,1.21,0.24,0.51,1.96,8
North Carolina,1998,1.21,0.23,0.50,1.94,8
North Carolina,1997,1.22,0.23,0.52,1.97,7
North Carolina,1996,1.21,0.24,0.53,1.98,7
North Carolina,1995,1.12,0.21,0.53,1.87,9
North Carolina,1994,1.14,0.21,0.54,1.89,8
North Carolina,1993,1.14,0.22,0.56,1.92,9
North Carolina,1992,1.14,0.23,0.59,1.96,8
North Carolina,1991,1.11,0.24,0.60,1.96,9
North Carolina,1990,1.16,0.27,0.65,2.08,9
North Carolina,1989,1.13,0.27,0.66,2.05,8
North Carolina,1988,1.11,0.28,0.68,2.08,8
North Carolina,1987,1.11,0.28,0.71,2.09,9
North Carolina,1986,1.11,0.30,0.74,2.15,8
North Carolina,1985,1.10,0.27,0.76,2.13,8
North Carolina,1984,1.11,0.24,0.78,2.13,8
North Carolina,1983,1.11,0.22,0.80,2.12,9
North Carolina,1982,1.07,0.21,0.85,2.13,9
North Carolina,1981,1.10,0.21,0.86,2.16,9
North Carolina,1980,1.10,0.20,0.85,2.16,9
North Carolina,1979,1.04,0.21,0.84,2.09,9
North Carolina,1978,1.02,0.19,0.83,2.04,9
North Carolina,1977,0.98,0.19,0.81,1.98,9
North Dakota,2023,1.33,0.28,1.78,3.40,1
North Dakota,2022,1.39,0.31,1.62,3.32,1
North Dakota,2021,1.49,0.32,1.48,3.29,2
North Dakota,2020,1.45,0.33,1.42,3.20,2
North Dakota,2019,1.48,0.33,1.37,3.18,1
North Dakota,2018,1.50,0.34,1.33,3.16,1
North Dakota,2017,1.51,0.34,1.30,3.14,1
North Dakota,2016,1.51,0.34,1.29,3.13,1
North Dakota,2015,1.58,0.35,1.32,3.26,1
North Dakota,2014,1.68,0.35,1.39,3.42,1
North Dakota,2013,1.69,0.32,1.38,3.39,1
North Dakota,2012,1.75,0.30,1.37,3.42,1
North Dakota,2011,1.66,0.26,1.26,3.18,1
North Dakota,2010,1.49,0.25,1.19,2.93,2
North Dakota,2009,1.59,0.24,1.13,2.96,2
North Dakota,2008,1.60,0.23,1.11,2.94,2
North Dakota,2007,1.53,0.23,1.06,2.82,2
North Dakota,2006,1.50,0.20,1.00,2.70,3
North Dakota,2005,1.48,0.18,0.94,2.60,3
North Dakota,2004,1.49,0.18,0.82,2.49,3
North Dakota,2003,1.53,0.17,0.86,2.56,2
North Dakota,2002,1.51,0.16,0.83,2.50,3
North Dakota,2001,1.46,0.15,0.81,2.42,3
North Dakota,2000,1.47,0.15,0.79,2.40,4
North Dakota,1999,1.48,0.15,0.78,2.41,3
North Dakota,1998,1.45,0.13,0.76,2.35,4
North Dakota,1997,1.40,0.13,0.77,2.30,4
North Dakota,1996,1.40,0.13,0.77,2.30,4
North Dakota,1995,1.36,0.16,0.77,2.28,4
North Dakota,1994,1.39,0.15,0.78,2.32,4
North Dakota,1993,1.37,0.15,0.84,2.36,4
North Dakota,1992,1.38,0.15,0.85,2.39,5
North Dakota,1991,1.43,0.16,0.86,2.44,4
North Dakota,1990,1.47,0.17,0.93,2.56,4
North Dakota,1989,1.41,0.17,0.86,2.44,6
North Dakota,1988,1.41,0.19,0.88,2.48,6
North Dakota,1987,1.37,0.21,0.89,2.47,6
North Dakota,1986,1.34,0.22,0.87,2.44,7
North Dakota,1985,1.34,0.19,0.96,2.50,7
North Dakota,1984,1.41,0.17,0.99,2.56,6
North Dakota,1983,1.49,0.17,1.05,2.71,6
North Dakota,1982,1.52,0.18,1.09,2.79,5
North Dakota,1981,1.53,0.18,1.14,2.85,5
North Dakota,1980,1.52,0.17,1.13,2.82,5
North Dakota,1979,1.46,0.16,1.10,2.72,5
North Dakota,1978,1.45,0.16,1.15,2.76,5
North Dakota,1977,1.35,0.15,1.12,2.62,6
Ohio,2023,1.03,0.30,0.70,2.03,9
Ohio,2022,1.08,0.31,0.71,2.10,9
Ohio,2021,1.11,0.31,0.73,2.15,9
Ohio,2020,1.10,0.31,0.70,2.11,9
Ohio,2019,1.10,0.31,0.64,2.05,8
Ohio,2018,1.10,0.31,0.62,2.03,9
Ohio,2017,1.13,0.31,0.60,2.03,9
Ohio,2016,1.16,0.31,0.58,2.04,9
Ohio,2015,1.17,0.30,0.56,2.03,9
Ohio,2014,1.19,0.29,0.54,2.03,9
Ohio,2013,1.22,0.30,0.53,2.04,8
Ohio,2012,1.23,0.29,0.51,2.03,9
Ohio,2011,1.24,0.28,0.49,2.02,9
Ohio,2010,1.29,0.25,0.48,2.02,8
Ohio,2009,1.30,0.27,0.47,2.03,8
Ohio,2008,1.33,0.26,0.46,2.05,9
Ohio,2007,1.34,0.25,0.45,2.04,9
Ohio,2006,1.33,0.24,0.44,2.01,8
Ohio,2005,1.34,0.23,0.43,2.00,8
Ohio,2004,1.34,0.22,0.42,1.97,9
Ohio,2003,1.34,0.22,0.40,1.95,9
Ohio,2002,1.35,0.21,0.39,1.95,8
Ohio,2001,1.34,0.21,0.39,1.93,9
Ohio,2000,1.32,0.21,0.38,1.91,9
Ohio,1999,1.32,0.20,0.37,1.90,9
Ohio,1998,1.30,0.19,0.44,1.94,8
Ohio,1997,1.28,0.19,0.43,1.90,8
Ohio,1996,1.36,0.18,0.43,1.97,8
Ohio,1995,1.29,0.17,0.43,1.89,8
Ohio,1994,1.31,0.16,0.37,1.85,9
Ohio,1993,1.29,0.16,0.50,1.95,8
Ohio,1992,1.32,0.17,0.50,1.98,8
Ohio,1991,1.33,0.18,0.51,2.03,8
Ohio,1990,1.34,0.22,0.53,2.09,8
Ohio,1989,1.36,0.22,0.51,2.09,8
Ohio,1988,1.35,0.24,0.55,2.13,8
Ohio,1987,1.35,0.24,0.59,2.18,8
Ohio,1986,1.32,0.25,0.60,2.18,8
Ohio,1985,1.37,0.25,0.59,2.21,8
Ohio,1984,1.41,0.25,0.61,2.27,8
Ohio,1983,1.36,0.22,0.65,2.23,8
Ohio,1982,1.40,0.22,0.66,2.28,8
Ohio,1981,1.35,0.22,0.68,2.25,8
Ohio,1980,1.39,0.21,0.72,2.33,8
Ohio,1979,1.35,0.19,0.70,2.25,8
Ohio,1978,1.19,0.20,0.70,2.08,9
Ohio,1977,1.16,0.18,0.70,2.03,8
Oklahoma,2023,0.89,0.17,0.73,1.80,10
Oklahoma,2022,0.94,0.18,0.74,1.87,10
Oklahoma,2021,0.99,0.19,0.73,1.90,10
Oklahoma,2020,0.99,0.19,0.68,1.86,10
Oklahoma,2019,0.99,0.19,0.66,1.85,10
Oklahoma,2018,1.00,0.20,0.66,1.86,10
Oklahoma,2017,1.03,0.20,0.65,1.88,10
Oklahoma,2016,1.05,0.20,0.64,1.89,10
Oklahoma,2015,1.07,0.19,0.63,1.89,10
Oklahoma,2014,1.09,0.19,0.63,1.91,10
Oklahoma,2013,1.11,0.19,0.62,1.93,9
Oklahoma,2012,1.14,0.19,0.61,1.94,10
Oklahoma,2011,1.14,0.19,0.59,1.92,9
Oklahoma,2010,1.16,0.18,0.58,1.92,9
Oklahoma,2009,1.17,0.18,0.58,1.93,9
Oklahoma,2008,1.22,0.18,0.58,1.97,9
Oklahoma,2007,1.17,0.17,0.57,1.91,9
Oklahoma,2006,1.13,0.17,0.56,1.87,10
Oklahoma,2005,1.09,0.16,0.55,1.80,10
Oklahoma,2004,1.11,0.13,0.46,1.70,10
Oklahoma,2003,1.06,0.13,0.74,1.93,9
Oklahoma,2002,1.12,0.13,0.58,1.82,10
Oklahoma,2001,1.11,0.12,0.43,1.65,10
Oklahoma,2000,1.12,0.12,0.44,1.69,10
Oklahoma,1999,1.11,0.12,0.44,1.68,10
Oklahoma,1998,1.12,0.12,0.43,1.68,10
Oklahoma,1997,1.10,0.12,0.43,1.65,10
Oklahoma,1996,1.09,0.12,0.45,1.66,10
Oklahoma,1995,1.10,0.12,0.44,1.66,10
Oklahoma,1994,1.15,0.13,0.50,1.78,9
Oklahoma,1993,1.11,0.11,0.48,1.70,10
Oklahoma,1992,1.13,0.13,0.55,1.81,9
Oklahoma,1991,1.09,0.13,0.54,1.76,10
Oklahoma,1990,1.12,0.14,0.55,1.81,10
Oklahoma,1989,1.08,0.14,0.54,1.75,10
Oklahoma,1988,1.07,0.14,0.52,1.73,10
Oklahoma,1987,1.06,0.15,0.58,1.79,10
Oklahoma,1986,1.06,0.15,0.62,1.84,10
Oklahoma,1985,1.05,0.15,0.68,1.88,10
Oklahoma,1984,1.00,0.16,0.74,1.91,10
Oklahoma,1983,1.04,0.16,0.77,1.97,9
Oklahoma,1982,1.15,0.16,0.82,2.14,9
Oklahoma,1981,1.14,0.16,0.83,2.13,9
Oklahoma,1980,1.07,0.16,0.71,1.94,9
Oklahoma,1979,1.03,0.13,0.78,1.94,9
Oklahoma,1978,1.05,0.14,0.80,2.00,9
Oklahoma,1977,1.04,0.13,0.77,1.95,9
Oregon,2023,1.32,0.56,1.00,2.88,3
Oregon,2022,1.21,0.57,1.02,2.80,4
Oregon,2021,1.10,0.67,1.04,2.81,4
Oregon,2020,1.13,0.54,1.04,2.71,3
Oregon,2019,1.16,0.57,0.98,2.71,3
Oregon,2018,1.21,0.58,0.95,2.74,3
Oregon,2017,1.24,0.59,0.93,2.76,3
Oregon,2016,1.24,0.60,0.91,2.75,3
Oregon,2015,1.23,0.58,0.90,2.71,3
Oregon,2014,1.23,0.57,0.90,2.70,3
Oregon,2013,1.20,0.57,0.89,2.66,4
Oregon,2012,1.21,0.57,0.89,2.66,3
Oregon,2011,1.18,0.56,0.85,2.59,3
Oregon,2010,1.19,0.49,0.83,2.51,4
Oregon,2009,1.28,0.49,0.82,2.59,3
Oregon,2008,1.22,0.49,0.83,2.54,4
Oregon,2007,1.35,0.50,0.81,2.65,3
Oregon,2006,1.32,0.49,0.78,2.59,3
Oregon,2005,1.16,0.50,0.75,2.40,5
Oregon,2004,1.23,0.49,0.72,2.44,4
Oregon,2003,1.20,0.47,0.69,2.36,5
Oregon,2002,1.22,0.46,0.66,2.34,4
Oregon,2001,1.22,0.43,0.65,2.30,4
Oregon,2000,1.20,0.44,0.64,2.28,5
Oregon,1999,1.21,0.43,0.63,2.27,4
Oregon,1998,1.20,0.43,0.61,2.25,4
Oregon,1997,1.19,0.44,0.60,2.24,5
Oregon,1996,1.23,0.44,0.61,2.27,5
Oregon,1995,1.21,0.42,0.59,2.23,5
Oregon,1994,1.23,0.37,0.62,2.21,6
Oregon,1993,1.24,0.43,0.64,2.31,5
Oregon,1992,1.29,0.46,0.67,2.41,4
Oregon,1991,1.28,0.44,0.67,2.38,5
Oregon,1990,1.32,0.47,0.73,2.51,5
Oregon,1989,1.28,0.47,0.70,2.46,5
Oregon,1988,1.29,0.52,0.72,2.52,5
Oregon,1987,1.28,0.53,0.73,2.54,5
Oregon,1986,1.28,0.55,0.74,2.57,6
Oregon,1985,1.25,0.55,0.77,2.58,6
Oregon,1984,1.28,0.53,0.82,2.63,6
Oregon,1983,1.32,0.53,0.85,2.70,6
Oregon,1982,1.32,0.52,0.88,2.72,6
Oregon,1981,1.37,0.50,0.92,2.79,6
Oregon,1980,1.36,0.50,0.94,2.81,5
Oregon,1979,1.36,0.47,0.94,2.77,5
Oregon,1978,1.32,0.46,0.96,2.74,5
Oregon,1977,1.30,0.45,0.94,2.70,5
Pennsylvania,2023,1.31,0.28,0.85,2.44,5
Pennsylvania,2022,1.34,0.30,0.83,2.47,5
Pennsylvania,2021,1.35,0.31,0.80,2.46,6
Pennsylvania,2020,1.31,0.31,0.66,2.29,7
Pennsylvania,2019,1.32,0.33,0.74,2.39,5
Pennsylvania,2018,1.31,0.33,0.72,2.36,6
Pennsylvania,2017,1.30,0.33,0.72,2.34,6
Pennsylvania,2016,1.31,0.33,0.72,2.36,5
Pennsylvania,2015,1.31,0.32,0.70,2.33,6
Pennsylvania,2014,1.33,0.32,0.70,2.34,6
Pennsylvania,2013,1.34,0.31,0.68,2.33,6
Pennsylvania,2012,1.36,0.31,0.67,2.34,6
Pennsylvania,2011,1.37,0.30,0.66,2.33,6
Pennsylvania,2010,1.37,0.29,0.64,2.30,6
Pennsylvania,2009,1.37,0.28,0.63,2.27,7
Pennsylvania,2008,1.36,0.26,0.61,2.23,7
Pennsylvania,2007,1.35,0.25,0.58,2.18,7
Pennsylvania,2006,1.32,0.23,0.55,2.10,8
Pennsylvania,2005,1.32,0.23,0.55,2.11,7
Pennsylvania,2004,1.30,0.23,0.53,2.06,8
Pennsylvania,2003,1.31,0.22,0.51,2.04,8
Pennsylvania,2002,1.35,0.21,0.49,2.06,7
Pennsylvania,2001,1.33,0.20,0.48,2.02,8
Pennsylvania,2000,1.29,0.20,0.47,1.96,8
Pennsylvania,1999,1.27,0.20,0.46,1.92,8
Pennsylvania,1998,1.21,0.18,0.45,1.85,9
Pennsylvania,1997,1.33,0.18,0.45,1.95,8
Pennsylvania,1996,1.26,0.18,0.45,1.88,8
Pennsylvania,1995,1.26,0.17,0.45,1.88,8
Pennsylvania,1994,1.28,0.18,0.47,1.93,8
Pennsylvania,1993,1.31,0.17,0.48,1.96,8
Pennsylvania,1992,1.30,0.18,0.51,1.99,8
Pennsylvania,1991,1.36,0.17,0.52,2.05,8
Pennsylvania,1990,1.42,0.18,0.55,2.15,8
Pennsylvania,1989,1.38,0.18,0.57,2.13,8
Pennsylvania,1988,1.41,0.19,0.54,2.14,8
Pennsylvania,1987,1.40,0.20,0.62,2.22,8
Pennsylvania,1986,1.40,0.21,0.64,2.25,8
Pennsylvania,1985,1.38,0.21,0.65,2.23,8
Pennsylvania,1984,1.38,0.21,0.67,2.26,8
Pennsylvania,1983,1.41,0.22,0.67,2.31,8
Pennsylvania,1982,1.44,0.23,0.70,2.37,8
Pennsylvania,1981,1.42,0.23,0.72,2.38,8
Pennsylvania,1980,1.45,0.22,0.71,2.39,7
Pennsylvania,1979,1.40,0.22,0.72,2.34,8
Pennsylvania,1978,1.35,0.21,0.73,2.30,8
Pennsylvania,1977,1.34,0.20,0.74,2.27,8
Rhode Island,2023,0.68,0.47,1.60,2.75,4
Rhode Island,2022,0.74,0.52,1.53,2.79,4
Rhode Island,2021,0.82,0.54,1.50,2.86,3
Rhode Island,2020,0.79,0.53,1.28,2.61,4
Rhode Island,2019,0.87,0.55,1.16,2.58,4
Rhode Island,2018,0.90,0.57,1.15,2.63,4
Rhode Island,2017,0.93,0.58,1.09,2.60,4
Rhode Island,2016,0.94,0.58,1.05,2.56,4
Rhode Island,2015,0.95,0.57,0.99,2.52,5
Rhode Island,2014,1.01,0.51,0.86,2.38,5
Rhode Island,2013,1.00,0.57,0.98,2.55,4
Rhode Island,2012,1.03,0.59,0.97,2.58,4
Rhode Island,2011,1.04,0.58,0.94,2.55,4
Rhode Island,2010,1.06,0.56,0.92,2.54,3
Rhode Island,2009,1.07,0.55,0.85,2.47,4
Rhode Island,2008,1.09,0.52,0.84,2.46,5
Rhode Island,2007,1.10,0.53,0.82,2.45,5
Rhode Island,2006,1.07,0.51,0.83,2.41,5
Rhode Island,2005,0.98,0.49,0.82,2.29,6
Rhode Island,2004,1.13,0.50,0.80,2.42,4
Rhode Island,2003,1.13,0.51,0.80,2.45,3
Rhode Island,2002,1.17,0.48,0.74,2.40,4
Rhode Island,2001,1.19,0.46,0.70,2.36,4
Rhode Island,2000,1.16,0.46,0.70,2.31,4
Rhode Island,1999,1.14,0.45,0.69,2.29,4
Rhode Island,1998,1.14,0.47,0.63,2.24,5
Rhode Island,1997,1.22,0.44,0.64,2.30,4
Rhode Island,1996,1.16,0.42,0.66,2.24,5
Rhode Island,1995,1.18,0.38,0.63,2.19,6
Rhode Island,1994,1.23,0.38,0.66,2.27,5
Rhode Island,1993,1.22,0.36,0.69,2.27,6
Rhode Island,1992,1.24,0.39,0.70,2.33,6
Rhode Island,1991,1.33,0.37,0.71,2.41,4
Rhode Island,1990,1.31,0.44,0.79,2.54,5
Rhode Island,1989,1.35,0.46,0.86,2.67,3
Rhode Island,1988,1.38,0.49,0.96,2.82,3
Rhode Island,1987,1.39,0.51,0.93,2.83,3
Rhode Island,1986,1.40,0.53,0.92,2.85,3
Rhode Island,1985,1.40,0.51,1.03,2.93,3
Rhode Island,1984,1.37,0.52,1.03,2.92,3
Rhode Island,1983,1.48,0.50,1.06,3.04,3
Rhode Island,1982,1.34,0.55,1.04,2.94,4
Rhode Island,1981,1.36,0.53,1.04,2.92,4
Rhode Island,1980,1.46,0.53,1.13,3.13,3
Rhode Island,1979,1.42,0.49,1.08,2.98,4
Rhode Island,1978,1.37,0.48,1.13,2.98,4
Rhode Island,1977,1.35,0.42,1.09,2.86,4
South Carolina,2023,0.94,0.23,0.86,2.03,9
South Carolina,2022,1.01,0.24,0.88,2.13,9
South Carolina,2021,1.06,0.25,0.88,2.19,9
South Carolina,2020,1.08,0.25,0.84,2.16,8
South Carolina,2019,1.08,0.25,0.81,2.14,8
South Carolina,2018,1.10,0.25,0.81,2.16,8
South Carolina,2017,1.14,0.25,0.80,2.19,7
South Carolina,2016,1.18,0.25,0.80,2.23,7
South Carolina,2015,1.21,0.25,0.80,2.26,7
South Carolina,2014,1.23,0.25,0.80,2.28,7
South Carolina,2013,1.26,0.25,0.80,2.31,6
South Carolina,2012,1.28,0.25,0.79,2.32,6
South Carolina,2011,1.29,0.25,0.78,2.31,6
South Carolina,2010,1.31,0.24,0.76,2.31,6
South Carolina,2009,1.35,0.24,0.76,2.34,6
South Carolina,2008,1.39,0.24,0.76,2.40,5
South Carolina,2007,1.42,0.24,0.76,2.42,5
South Carolina,2006,1.45,0.24,0.76,2.45,4
South Carolina,2005,1.43,0.24,0.75,2.42,4
South Carolina,2004,1.39,0.24,0.76,2.38,5
South Carolina,2003,1.38,0.23,0.74,2.35,5
South Carolina,2002,1.40,0.22,0.67,2.30,5
South Carolina,2001,1.40,0.22,0.65,2.27,5
South Carolina,2000,1.49,0.22,0.72,2.43,3
South Carolina,1999,1.48,0.22,0.72,2.41,3
South Carolina,1998,1.44,0.21,0.72,2.37,3
South Carolina,1997,1.48,0.20,0.71,2.40,3
South Carolina,1996,1.38,0.21,0.71,2.30,4
South Carolina,1995,1.33,0.19,0.68,2.20,6
South Carolina,1994,1.38,0.17,0.74,2.29,4
South Carolina,1993,1.36,0.20,0.75,2.30,5
South Carolina,1992,1.34,0.20,0.79,2.33,5
South Carolina,1991,1.34,0.22,0.84,2.41,5
South Carolina,1990,1.44,0.25,0.92,2.61,4
South Carolina,1989,1.39,0.24,0.86,2.49,5
South Carolina,1988,1.38,0.26,0.90,2.54,5
South Carolina,1987,1.35,0.27,0.89,2.52,6
South Carolina,1986,1.31,0.27,0.93,2.52,6
South Carolina,1985,1.28,0.25,1.00,2.53,6
South Carolina,1984,1.27,0.24,1.01,2.52,7
South Carolina,1983,1.27,0.20,1.02,2.49,7
South Carolina,1982,1.23,0.20,0.99,2.43,7
South Carolina,1981,1.24,0.19,1.04,2.48,7
South Carolina,1980,1.22,0.18,1.06,2.45,7
South Carolina,1979,1.18,0.16,1.12,2.45,7
South Carolina,1978,1.14,0.17,1.15,2.45,7
South Carolina,1977,1.12,0.16,1.09,2.37,7
South Dakota,2023,1.19,0.19,0.77,2.16,8
South Dakota,2022,1.26,0.21,0.80,2.26,7
South Dakota,2021,1.33,0.22,0.80,2.35,7
South Dakota,2020,1.34,0.22,0.78,2.35,6
South Dakota,2019,1.35,0.23,0.77,2.35,6
South Dakota,2018,1.38,0.23,0.78,2.39,5
South Dakota,2017,1.53,0.30,1.02,2.85,2
South Dakota,2016,1.46,0.31,1.10,2.88,2
South Dakota,2015,1.49,0.29,1.03,2.80,2
South Dakota,2014,1.50,0.25,0.99,2.75,3
South Dakota,2013,1.53,0.28,1.02,2.82,2
South Dakota,2012,1.54,0.26,0.96,2.76,2
South Dakota,2011,1.52,0.28,0.97,2.77,2
South Dakota,2010,1.53,0.24,0.92,2.69,3
South Dakota,2009,1.54,0.22,0.89,2.65,3
South Dakota,2008,1.57,0.22,0.87,2.66,3
South Dakota,2007,1.52,0.22,0.87,2.61,3
South Dakota,2006,1.51,0.19,0.79,2.50,4
South Dakota,2005,1.50,0.19,0.83,2.52,3
South Dakota,2004,1.51,0.18,0.76,2.45,4
South Dakota,2003,1.52,0.16,0.74,2.41,4
South Dakota,2002,1.51,0.15,0.67,2.34,4
South Dakota,2001,1.49,0.15,0.71,2.35,4
South Dakota,2000,1.46,0.15,0.69,2.30,5
South Dakota,1999,1.43,0.14,0.70,2.27,5
South Dakota,1998,1.41,0.13,0.68,2.23,5
South Dakota,1997,1.33,0.13,0.69,2.15,6
South Dakota,1996,1.33,0.13,0.68,2.15,6
South Dakota,1995,1.35,0.12,0.73,2.21,5
South Dakota,1994,1.38,0.12,0.73,2.24,5
South Dakota,1993,1.35,0.12,0.73,2.20,6
South Dakota,1992,1.37,0.15,0.74,2.26,6
South Dakota,1991,1.37,0.15,0.76,2.27,6
South Dakota,1990,1.36,0.18,0.80,2.34,6
South Dakota,1989,1.30,0.15,0.72,2.17,7
South Dakota,1988,1.25,0.16,0.79,2.21,8
South Dakota,1987,1.27,0.20,0.81,2.28,8
South Dakota,1986,1.26,0.20,0.83,2.29,8
South Dakota,1985,1.23,0.18,0.95,2.35,8
South Dakota,1984,1.28,0.17,0.90,2.35,7
South Dakota,1983,1.31,0.17,0.96,2.44,7
South Dakota,1982,1.29,0.18,0.97,2.44,7
South Dakota,1981,1.31,0.19,1.04,2.54,7
South Dakota,1980,1.30,0.18,1.07,2.56,7
South Dakota,1979,1.23,0.17,1.04,2.44,7
South Dakota,1978,1.20,0.17,1.05,2.42,7
South Dakota,1977,1.16,0.17,1.07,2.39,7
Tennessee,2023,0.96,0.33,1.07,2.36,6
Tennessee,2022,1.02,0.34,1.07,2.42,5
Tennessee,2021,1.02,0.35,1.06,2.43,6
Tennessee,2020,0.97,0.35,0.98,2.30,7
Tennessee,2019,0.98,0.33,0.88,2.19,8
Tennessee,2018,0.98,0.32,0.84,2.14,8
Tennessee,2017,0.99,0.32,0.81,2.11,8
Tennessee,2016,1.02,0.33,0.79,2.14,8
Tennessee,2015,1.03,0.27,0.76,2.06,9
Tennessee,2014,1.04,0.25,0.73,2.02,9
Tennessee,2013,1.05,0.25,0.70,2.00,9
Tennessee,2012,1.07,0.25,0.68,2.00,9
Tennessee,2011,1.13,0.24,0.66,2.04,8
Tennessee,2010,1.04,0.22,0.61,1.88,10
Tennessee,2009,1.05,0.21,0.57,1.83,10
Tennessee,2008,1.10,0.20,0.57,1.87,10
Tennessee,2007,1.13,0.20,0.56,1.90,10
Tennessee,2006,1.14,0.19,0.56,1.89,9
Tennessee,2005,1.19,0.19,0.55,1.92,9
Tennessee,2004,1.22,0.18,0.53,1.93,9
Tennessee,2003,1.27,0.18,0.52,1.96,8
Tennessee,2002,1.17,0.17,0.51,1.86,9
Tennessee,2001,1.15,0.16,0.50,1.81,9
Tennessee,2000,1.19,0.16,0.51,1.85,9
Tennessee,1999,1.19,0.15,0.49,1.83,9
Tennessee,1998,1.19,0.15,0.50,1.84,9
Tennessee,1997,1.15,0.15,0.50,1.80,9
Tennessee,1996,1.14,0.15,0.51,1.80,9
Tennessee,1995,1.17,0.15,0.51,1.83,9
Tennessee,1994,1.18,0.15,0.53,1.86,9
Tennessee,1993,1.20,0.14,0.54,1.87,9
Tennessee,1992,1.21,0.14,0.56,1.90,9
Tennessee,1991,1.19,0.13,0.54,1.87,9
Tennessee,1990,1.22,0.14,0.60,1.96,9
Tennessee,1989,1.20,0.14,0.60,1.93,9
Tennessee,1988,1.22,0.15,0.61,1.97,9
Tennessee,1987,1.19,0.15,0.63,1.97,9
Tennessee,1986,1.18,0.16,0.63,1.98,9
Tennessee,1985,1.12,0.16,0.68,1.97,9
Tennessee,1984,1.11,0.15,0.70,1.97,9
Tennessee,1983,1.11,0.14,0.70,1.95,10
Tennessee,1982,1.13,0.14,0.70,1.97,10
Tennessee,1981,1.14,0.13,0.71,1.98,10
Tennessee,1980,1.10,0.12,0.69,1.91,9
Tennessee,1979,1.10,0.11,0.70,1.91,10
Tennessee,1978,1.12,0.10,0.70,1.93,9
Tennessee,1977,1.07,0.10,0.69,1.86,10
Texas,2023,1.15,0.31,0.88,2.34,6
Texas,2022,1.15,0.33,0.89,2.36,6
Texas,2021,1.24,0.36,0.88,2.47,6
Texas,2020,1.25,0.35,0.82,2.42,6
Texas,2019,1.21,0.33,0.74,2.28,6
Texas,2018,1.22,0.34,0.71,2.26,6
Texas,2017,1.27,0.35,0.72,2.34,6
Texas,2016,1.30,0.34,0.69,2.34,6
Texas,2015,1.28,0.33,0.67,2.29,6
Texas,2014,1.25,0.33,0.65,2.23,7
Texas,2013,1.30,0.32,0.63,2.25,7
Texas,2012,1.33,0.32,0.63,2.28,7
Texas,2011,1.35,0.31,0.61,2.27,6
Texas,2010,1.35,0.29,0.59,2.23,7
Texas,2009,1.41,0.28,0.58,2.26,7
Texas,2008,1.43,0.27,0.58,2.28,7
Texas,2007,1.41,0.27,0.56,2.24,7
Texas,2006,1.43,0.26,0.55,2.24,6
Texas,2005,1.43,0.25,0.53,2.20,6
Texas,2004,1.45,0.24,0.52,2.21,6
Texas,2003,1.46,0.23,0.51,2.19,6
Texas,2002,1.49,0.22,0.50,2.21,6
Texas,2001,1.51,0.21,0.49,2.21,6
Texas,2000,1.53,0.22,0.50,2.25,5
Texas,1999,1.54,0.20,0.49,2.23,5
Texas,1998,1.52,0.20,0.50,2.21,5
Texas,1997,1.56,0.19,0.47,2.22,5
Texas,1996,1.57,0.20,0.49,2.26,5
Texas,1995,1.58,0.19,0.50,2.27,5
Texas,1994,1.60,0.20,0.51,2.31,4
Texas,1993,1.60,0.20,0.53,2.33,4
Texas,1992,1.65,0.24,0.55,2.45,4
Texas,1991,1.60,0.25,0.55,2.40,5
Texas,1990,1.64,0.26,0.58,2.47,6
Texas,1989,1.62,0.27,0.58,2.46,5
Texas,1988,1.61,0.28,0.59,2.47,6
Texas,1987,1.62,0.29,0.61,2.52,6
Texas,1986,1.67,0.31,0.65,2.63,5
Texas,1985,1.68,0.30,0.73,2.71,5
Texas,1984,1.73,0.28,0.79,2.80,4
Texas,1983,1.72,0.27,0.79,2.78,5
Texas,1982,1.83,0.18,0.84,2.84,4
Texas,1981,1.84,0.24,0.85,2.94,4
Texas,1980,1.75,0.22,0.80,2.77,6
Texas,1979,1.70,0.14,0.84,2.68,6
Texas,1978,1.64,0.14,0.82,2.60,6
Texas,1977,1.59,0.14,0.78,2.51,6
Utah,2023,0.46,0.16,0.59,1.21,10
Utah,2022,0.50,0.17,0.57,1.23,10
Utah,2021,0.53,0.18,0.60,1.31,10
Utah,2020,0.54,0.20,0.61,1.35,10
Utah,2019,0.56,0.19,0.57,1.33,10
Utah,2018,0.58,0.20,0.57,1.35,10
Utah,2017,0.61,0.20,0.56,1.36,10
Utah,2016,0.63,0.19,0.52,1.34,10
Utah,2015,0.65,0.20,0.54,1.40,10
Utah,2014,0.66,0.19,0.52,1.37,10
Utah,2013,0.67,0.19,0.51,1.37,10
Utah,2012,0.69,0.19,0.50,1.37,10
Utah,2011,0.68,0.18,0.49,1.36,10
Utah,2010,0.70,0.18,0.47,1.35,10
Utah,2009,0.72,0.17,0.47,1.36,10
Utah,2008,0.76,0.17,0.47,1.41,10
Utah,2007,0.77,0.16,0.44,1.38,10
Utah,2006,0.73,0.16,0.44,1.33,10
Utah,2005,0.70,0.16,0.41,1.27,10
Utah,2004,0.76,0.15,0.39,1.30,10
Utah,2003,0.76,0.14,0.39,1.30,10
Utah,2002,0.77,0.14,0.39,1.30,10
Utah,2001,0.77,0.14,0.39,1.30,10
Utah,2000,0.75,0.14,0.40,1.29,10
Utah,1999,0.74,0.13,0.38,1.25,10
Utah,1998,0.77,0.13,0.37,1.27,10
Utah,1997,0.75,0.13,0.39,1.27,10
Utah,1996,0.73,0.13,0.37,1.23,10
Utah,1995,0.71,0.11,0.37,1.19,10
Utah,1994,0.76,0.09,0.38,1.24,10
Utah,1993,0.78,0.11,0.39,1.28,10
Utah,1992,0.79,0.12,0.42,1.33,10
Utah,1991,0.80,0.12,0.43,1.34,10
Utah,1990,0.80,0.12,0.46,1.39,10
Utah,1989,0.81,0.13,0.47,1.41,10
Utah,1988,0.82,0.14,0.48,1.45,10
Utah,1987,0.84,0.15,0.49,1.49,10
Utah,1986,0.88,0.16,0.52,1.57,10
Utah,1985,0.89,0.15,0.53,1.57,10
Utah,1984,0.89,0.14,0.52,1.55,10
Utah,1983,0.89,0.14,0.51,1.54,10
Utah,1982,1.01,0.15,0.55,1.70,10
Utah,1981,1.02,0.15,0.59,1.75,10
Utah,1980,0.96,0.14,0.60,1.70,10
Utah,1979,0.94,0.15,0.59,1.68,10
Utah,1978,0.93,0.14,0.59,1.66,10
Utah,1977,0.94,0.13,0.57,1.64,10
Vermont,2023,1.50,0.70,0.77,2.96,2
Vermont,2022,1.55,0.72,0.80,3.08,2
Vermont,2021,1.59,0.74,0.81,3.14,2
Vermont,2020,1.58,0.73,0.81,3.12,2
Vermont,2019,1.58,0.75,0.77,3.11,2
Vermont,2018,1.56,0.78,0.76,3.10,2
Vermont,2017,1.57,0.80,0.74,3.11,2
Vermont,2016,1.56,0.79,0.73,3.08,2
Vermont,2015,1.56,0.78,0.73,3.07,2
Vermont,2014,1.56,0.78,0.72,3.06,2
Vermont,2013,1.54,0.74,0.72,3.00,2
Vermont,2012,1.51,0.70,0.71,2.92,2
Vermont,2011,1.46,0.68,0.71,2.85,2
Vermont,2010,1.44,0.64,0.71,2.80,2
Vermont,2009,1.43,0.64,0.70,2.77,2
Vermont,2008,1.45,0.63,0.71,2.79,2
Vermont,2007,1.46,0.62,0.70,2.78,2
Vermont,2006,1.45,0.60,0.69,2.73,2
Vermont,2005,1.44,0.57,0.68,2.69,2
Vermont,2004,1.34,0.55,0.66,2.56,3
Vermont,2003,1.34,0.52,0.65,2.51,3
Vermont,2002,1.34,0.51,0.63,2.48,3
Vermont,2001,1.34,0.48,0.63,2.45,3
Vermont,2000,1.32,0.49,0.63,2.43,3
Vermont,1999,1.32,0.48,0.62,2.42,3
Vermont,1998,1.31,0.46,0.62,2.39,3
Vermont,1997,1.30,0.45,0.63,2.38,3
Vermont,1996,1.35,0.43,0.64,2.42,3
Vermont,1995,1.28,0.41,0.66,2.35,3
Vermont,1994,1.34,0.42,0.74,2.50,3
Vermont,1993,1.34,0.44,0.74,2.52,2
Vermont,1992,1.35,0.44,0.78,2.57,3
Vermont,1991,1.41,0.46,0.82,2.69,2
Vermont,1990,1.47,0.48,0.85,2.80,2
Vermont,1989,1.49,0.53,0.89,2.91,2
Vermont,1988,1.54,0.57,0.95,3.05,2
Vermont,1987,1.58,0.59,1.00,3.18,1
Vermont,1986,1.57,0.60,1.06,3.22,1
Vermont,1985,1.51,0.56,1.10,3.17,2
Vermont,1984,1.49,0.49,1.16,3.15,2
Vermont,1983,1.53,0.50,1.20,3.23,2
Vermont,1982,1.48,0.50,1.24,3.22,2
Vermont,1981,1.49,0.50,1.34,3.32,2
Vermont,1980,1.43,0.48,1.38,3.29,2
Vermont,1979,1.53,0.46,1.47,3.46,1
Vermont,1978,1.50,0.46,1.56,3.52,1
Vermont,1977,1.40,0.44,1.55,3.38,1
Virginia,2023,0.84,0.51,0.78,2.12,8
Virginia,2022,0.90,0.51,0.78,2.19,8
Virginia,2021,0.94,0.53,0.79,2.26,8
Virginia,2020,0.96,0.52,0.78,2.26,7
Virginia,2019,0.95,0.49,0.72,2.16,8
Virginia,2018,0.95,0.49,0.70,2.14,8
Virginia,2017,0.96,0.49,0.67,2.12,8
Virginia,2016,1.00,0.49,0.66,2.14,8
Virginia,2015,1.00,0.48,0.65,2.13,8
Virginia,2014,1.01,0.47,0.63,2.11,8
Virginia,2013,1.02,0.46,0.62,2.10,8
Virginia,2012,1.04,0.46,0.62,2.13,8
Virginia,2011,1.05,0.46,0.61,2.12,8
Virginia,2010,1.08,0.44,0.60,2.12,8
Virginia,2009,1.10,0.42,0.58,2.11,8
Virginia,2008,1.12,0.42,0.58,2.12,8
Virginia,2007,1.13,0.41,0.57,2.10,8
Virginia,2006,1.13,0.39,0.56,2.08,8
Virginia,2005,1.13,0.38,0.54,2.05,8
Virginia,2004,1.14,0.37,0.53,2.04,8
Virginia,2003,1.14,0.36,0.52,2.02,8
Virginia,2002,1.15,0.34,0.51,2.00,8
Virginia,2001,1.15,0.32,0.50,1.97,8
Virginia,2000,1.16,0.31,0.49,1.97,8
Virginia,1999,1.18,0.32,0.48,1.97,8
Virginia,1998,1.17,0.30,0.47,1.95,8
Virginia,1997,1.11,0.29,0.48,1.88,8
Virginia,1996,1.12,0.30,0.49,1.91,8
Virginia,1995,1.15,0.29,0.50,1.94,8
Virginia,1994,1.20,0.27,0.51,1.99,8
Virginia,1993,1.24,0.27,0.54,2.05,8
Virginia,1992,1.25,0.28,0.57,2.10,7
Virginia,1991,1.20,0.28,0.58,2.06,8
Virginia,1990,1.25,0.30,0.62,2.18,8
Virginia,1989,1.23,0.31,0.65,2.18,7
Virginia,1988,1.31,0.25,0.67,2.24,7
Virginia,1987,1.39,0.25,0.70,2.35,7
Virginia,1986,1.52,0.27,0.73,2.52,6
Virginia,1985,1.45,0.30,0.79,2.54,6
Virginia,1984,1.46,0.29,0.80,2.55,6
Virginia,1983,1.47,0.27,0.82,2.56,6
Virginia,1982,1.46,0.27,0.86,2.59,6
Virginia,1981,1.23,0.27,0.89,2.39,7
Virginia,1980,1.23,0.25,0.90,2.38,8
Virginia,1979,1.21,0.25,0.90,2.36,8
Virginia,1978,1.20,0.21,0.89,2.30,8
Virginia,1977,1.17,0.21,0.89,2.27,7
Washington,2023,0.81,0.48,0.88,2.17,7
Washington,2022,0.85,0.50,0.90,2.24,8
Washington,2021,0.88,0.51,0.90,2.29,7
Washington,2020,0.88,0.50,0.87,2.25,8
Washington,2019,0.89,0.51,0.82,2.22,7
Washington,2018,0.91,0.51,0.81,2.23,7
Washington,2017,0.93,0.52,0.79,2.24,6
Washington,2016,0.96,0.52,0.77,2.25,7
Washington,2015,0.97,0.53,0.77,2.26,6
Washington,2014,0.97,0.52,0.76,2.25,7
Washington,2013,0.95,0.53,0.76,2.24,7
Washington,2012,0.96,0.53,0.76,2.25,7
Washington,2011,0.97,0.53,0.75,2.25,7
Washington,2010,1.01,0.52,0.73,2.25,6
Washington,2009,1.10,0.51,0.74,2.34,5
Washington,2008,1.11,0.50,0.75,2.37,5
Washington,2007,1.14,0.50,0.74,2.38,6
Washington,2006,1.08,0.48,0.72,2.28,6
Washington,2005,1.11,0.55,0.68,2.34,5
Washington,2004,1.11,0.53,0.66,2.30,5
Washington,2003,1.07,0.47,0.68,2.21,6
Washington,2002,1.09,0.43,0.66,2.17,6
Washington,2001,1.09,0.40,0.65,2.15,6
Washington,2000,1.11,0.41,0.66,2.18,6
Washington,1999,1.11,0.40,0.63,2.14,7
Washington,1998,1.12,0.39,0.63,2.14,7
Washington,1997,1.09,0.42,0.63,2.15,6
Washington,1996,1.09,0.40,0.63,2.12,6
Washington,1995,1.17,0.40,0.63,2.20,6
Washington,1994,1.18,0.39,0.65,2.23,6
Washington,1993,1.19,0.39,0.69,2.27,5
Washington,1992,1.26,0.46,0.72,2.44,4
Washington,1991,1.23,0.43,0.73,2.39,5
Washington,1990,1.27,0.46,0.76,2.49,5
Washington,1989,1.25,0.47,0.76,2.47,5
Washington,1988,1.23,0.50,0.77,2.51,6
Washington,1987,1.24,0.56,0.79,2.59,5
Washington,1986,1.23,0.61,0.82,2.66,5
Washington,1985,1.21,0.59,0.87,2.67,5
Washington,1984,1.23,0.57,0.91,2.70,5
Washington,1983,1.29,0.54,0.94,2.76,5
Washington,1982,1.32,0.52,0.98,2.83,5
Washington,1981,1.38,0.54,1.04,2.96,4
Washington,1980,1.51,0.51,1.08,3.10,4
Washington,1979,1.39,0.47,1.08,2.94,4
Washington,1978,1.36,0.47,1.07,2.91,4
Washington,1977,1.34,0.45,1.06,2.85,4
West Virginia,2023,1.04,0.10,0.57,1.71,10
West Virginia,2022,1.10,0.11,0.57,1.78,10
West Virginia,2021,1.15,0.11,0.58,1.83,10
West Virginia,2020,1.14,0.11,0.56,1.82,10
West Virginia,2019,1.15,0.11,0.50,1.75,10
West Virginia,2018,1.15,0.11,0.47,1.74,10
West Virginia,2017,1.17,0.11,0.46,1.74,10
West Virginia,2016,1.19,0.11,0.46,1.76,10
West Virginia,2015,1.20,0.11,0.47,1.78,10
West Virginia,2014,1.21,0.10,0.47,1.78,10
West Virginia,2013,1.24,0.10,0.46,1.80,10
West Virginia,2012,1.24,0.10,0.47,1.80,10
West Virginia,2011,1.22,0.10,0.46,1.78,10
West Virginia,2010,1.23,0.10,0.44,1.78,10
West Virginia,2009,1.23,0.10,0.44,1.77,10
West Virginia,2008,1.25,0.10,0.43,1.79,10
West Virginia,2007,1.23,0.10,0.42,1.75,10
West Virginia,2006,1.21,0.10,0.41,1.72,10
West Virginia,2005,1.23,0.10,0.40,1.73,10
West Virginia,2004,1.25,0.10,0.39,1.75,10
West Virginia,2003,1.23,0.10,0.38,1.72,10
West Virginia,2002,1.26,0.10,0.38,1.74,10
West Virginia,2001,1.25,0.10,0.37,1.72,10
West Virginia,2000,1.24,0.10,0.36,1.70,10
West Virginia,1999,1.22,0.10,0.37,1.69,10
West Virginia,1998,1.18,0.09,0.36,1.64,10
West Virginia,1997,1.12,0.09,0.37,1.58,10
West Virginia,1996,1.12,0.09,0.37,1.58,10
West Virginia,1995,1.12,0.08,0.38,1.58,10
West Virginia,1994,1.17,0.08,0.39,1.64,10
West Virginia,1993,1.18,0.08,0.40,1.67,10
West Virginia,1992,1.16,0.09,0.41,1.66,10
West Virginia,1991,1.18,0.09,0.43,1.70,10
West Virginia,1990,1.20,0.10,0.42,1.72,10
West Virginia,1989,1.15,0.11,0.39,1.65,10
West Virginia,1988,1.15,0.12,0.41,1.68,10
West Virginia,1987,1.13,0.13,0.41,1.68,10
West Virginia,1986,1.12,0.13,0.42,1.67,10
West Virginia,1985,1.13,0.13,0.42,1.69,10
West Virginia,1984,1.13,0.12,0.45,1.70,10
West Virginia,1983,1.14,0.13,0.49,1.76,10
West Virginia,1982,1.11,0.14,0.55,1.80,10
West Virginia,1981,1.05,0.14,0.65,1.85,10
West Virginia,1980,1.00,0.09,0.72,1.81,10
West Virginia,1979,0.94,0.09,0.75,1.77,10
West Virginia,1978,0.93,0.09,0.76,1.78,10
West Virginia,1977,0.95,0.09,0.76,1.80,10
Wisconsin,2023,1.13,0.37,1.65,3.15,2
Wisconsin,2022,1.19,0.39,1.59,3.18,2
Wisconsin,2021,1.25,0.42,1.51,3.18,2
Wisconsin,2020,1.25,0.41,1.41,3.08,2
Wisconsin,2019,1.27,0.39,1.29,2.95,2
Wisconsin,2018,1.29,0.39,1.25,2.94,2
Wisconsin,2017,1.33,0.40,1.26,2.99,2
Wisconsin,2016,1.36,0.40,1.22,2.99,2
Wisconsin,2015,1.39,0.39,1.20,2.98,2
Wisconsin,2014,1.42,0.38,1.18,2.98,2
Wisconsin,2013,1.45,0.38,1.17,3.00,2
Wisconsin,2012,1.46,0.37,1.19,3.02,2
Wisconsin,2011,1.46,0.37,1.16,2.99,2
Wisconsin,2010,1.49,0.32,1.13,2.94,2
Wisconsin,2009,1.49,0.31,1.16,2.96,2
Wisconsin,2008,1.55,0.34,1.13,3.01,1
Wisconsin,2007,1.56,0.33,1.11,3.00,1
Wisconsin,2006,1.58,0.32,1.09,2.99,1
Wisconsin,2005,1.58,0.31,1.07,2.95,1
Wisconsin,2004,1.53,0.30,1.02,2.85,1
Wisconsin,2003,1.53,0.29,1.00,2.82,2
Wisconsin,2002,1.56,0.28,0.98,2.82,2
Wisconsin,2001,1.54,0.26,0.95,2.75,2
Wisconsin,2000,1.53,0.27,0.95,2.76,1
Wisconsin,1999,1.53,0.26,0.92,2.72,2
Wisconsin,1998,1.58,0.26,0.90,2.74,1
Wisconsin,1997,1.57,0.25,0.89,2.71,1
Wisconsin,1996,1.53,0.24,0.88,2.65,1
Wisconsin,1995,1.64,0.23,0.87,2.73,1
Wisconsin,1994,1.58,0.22,0.91,2.72,2
Wisconsin,1993,1.59,0.22,0.89,2.71,1
Wisconsin,1992,1.59,0.25,0.90,2.74,2
Wisconsin,1991,1.65,0.27,0.84,2.76,1
Wisconsin,1990,1.74,0.31,1.03,3.07,1
Wisconsin,1989,1.72,0.31,0.96,2.99,1
Wisconsin,1988,1.76,0.33,0.95,3.05,2
Wisconsin,1987,1.80,0.36,0.98,3.14,2
Wisconsin,1986,1.88,0.34,0.96,3.18,2
Wisconsin,1985,1.83,0.32,1.06,3.20,1
Wisconsin,1984,1.87,0.31,1.03,3.21,1
Wisconsin,1983,1.94,0.34,1.07,3.35,2
Wisconsin,1982,1.95,0.30,1.05,3.30,2
Wisconsin,1981,1.96,0.32,1.21,3.48,1
Wisconsin,1980,1.95,0.31,1.19,3.45,1
Wisconsin,1979,1.92,0.28,1.19,3.39,2
Wisconsin,1978,1.83,0.28,1.20,3.31,2
Wisconsin,1977,1.81,0.27,1.28,3.37,1
Wyoming,2023,1.08,0.27,1.43,2.78,4
Wyoming,2022,1.20,0.29,1.44,2.93,3
Wyoming,2021,1.23,0.32,1.46,3.00,2
Wyoming,2020,1.21,0.33,1.42,2.97,2
Wyoming,2019,1.23,0.31,1.29,2.82,3
Wyoming,2018,1.21,0.32,1.24,2.77,3
Wyoming,2017,1.17,0.32,1.19,2.68,3
Wyoming,2016,1.18,0.32,1.17,2.67,4
Wyoming,2015,1.25,0.31,1.18,2.74,3
Wyoming,2014,1.26,0.31,1.16,2.72,3
Wyoming,2013,1.24,0.29,1.13,2.67,3
Wyoming,2012,1.32,0.28,1.13,2.73,3
Wyoming,2011,1.29,0.27,1.10,2.66,3
Wyoming,2010,1.33,0.27,1.06,2.66,3
Wyoming,2009,1.40,0.27,1.06,2.73,2
Wyoming,2008,1.50,0.27,1.09,2.87,2
Wyoming,2007,1.46,0.27,1.07,2.80,2
Wyoming,2006,1.44,0.26,1.03,2.72,2
Wyoming,2005,1.20,0.25,0.96,2.41,5
Wyoming,2004,1.42,0.24,0.92,2.58,2
Wyoming,2003,1.70,0.23,0.90,2.84,1
Wyoming,2002,1.46,0.23,0.88,2.57,2
Wyoming,2001,1.44,0.22,0.88,2.53,2
Wyoming,2000,1.42,0.22,0.86,2.50,3
Wyoming,1999,1.41,0.22,0.84,2.47,2
Wyoming,1998,1.37,0.17,0.81,2.36,3
Wyoming,1997,1.42,0.17,0.81,2.40,3
Wyoming,1996,1.35,0.17,0.81,2.33,4
Wyoming,1995,1.34,0.16,0.80,2.29,4
Wyoming,1994,1.42,0.18,0.83,2.43,3
Wyoming,1993,1.40,0.19,0.86,2.45,3
Wyoming,1992,1.44,0.20,0.91,2.56,3
Wyoming,1991,1.45,0.20,0.90,2.56,3
Wyoming,1990,1.48,0.22,0.93,2.63,3
Wyoming,1989,1.41,0.23,0.86,2.50,5
Wyoming,1988,1.45,0.24,0.87,2.56,5
Wyoming,1987,1.51,0.25,0.90,2.66,5
Wyoming,1986,1.51,0.27,0.96,2.73,4
Wyoming,1985,1.59,0.25,1.05,2.89,3
Wyoming,1984,1.61,0.23,1.06,2.89,4
Wyoming,1983,1.68,0.22,1.11,3.01,4
Wyoming,1982,1.78,0.24,1.20,3.22,3
Wyoming,1981,1.91,0.24,1.27,3.43,2
Wyoming,1980,1.85,0.24,1.32,3.41,2
Wyoming,1979,1.86,0.22,1.30,3.39,2
Wyoming,1978,1.81,0.22,1.35,3.38,2
Wyoming,1977,1.78,0.20,1.31,3.29,2
Northeast region,2023,0.93,0.44,1.13,2.50,NA
Northeast region,2022,0.96,0.46,1.10,2.52,NA
Northeast region,2021,1.01,0.49,1.04,2.54,NA
Northeast region,2020,0.96,0.50,0.95,2.41,NA
Northeast region,2019,1.00,0.52,0.92,2.44,NA
Northeast region,2018,1.00,0.51,0.90,2.42,NA
Northeast region,2017,1.01,0.53,0.88,2.42,NA
Northeast region,2016,1.03,0.52,0.87,2.42,NA
Northeast region,2015,1.04,0.51,0.85,2.40,NA
Northeast region,2014,1.03,0.53,0.84,2.40,NA
Northeast region,2013,1.06,0.52,0.83,2.40,NA
Northeast region,2012,1.06,0.51,0.82,2.39,NA
Northeast region,2011,1.05,0.50,0.80,2.36,NA
Northeast region,2010,1.06,0.49,0.78,2.33,NA
Northeast region,2009,1.07,0.48,0.77,2.31,NA
Northeast region,2008,1.09,0.47,0.76,2.31,NA
Northeast region,2007,1.09,0.47,0.75,2.31,NA
Northeast region,2006,1.07,0.45,0.73,2.25,NA
Northeast region,2005,1.07,0.44,0.72,2.22,NA
Northeast region,2004,1.07,0.43,0.70,2.20,NA
Northeast region,2003,1.08,0.41,0.68,2.17,NA
Northeast region,2002,1.10,0.40,0.66,2.16,NA
Northeast region,2001,1.10,0.38,0.64,2.13,NA
Northeast region,2000,1.08,0.38,0.66,2.12,NA
Northeast region,1999,1.07,0.38,0.63,2.08,NA
Northeast region,1998,1.07,0.37,0.61,2.05,NA
Northeast region,1997,1.07,0.36,0.63,2.06,NA
Northeast region,1996,1.07,0.35,0.64,2.06,NA
Northeast region,1995,1.11,0.35,0.64,2.11,NA
Northeast region,1994,1.11,0.34,0.67,2.12,NA
Northeast region,1993,1.13,0.34,0.68,2.15,NA
Northeast region,1992,1.14,0.35,0.72,2.21,NA
Northeast region,1991,1.19,0.34,0.73,2.26,NA
Northeast region,1990,1.23,0.38,0.80,2.41,NA
Northeast region,1989,1.22,0.39,0.84,2.44,NA
Northeast region,1988,1.25,0.40,0.86,2.51,NA
Northeast region,1987,1.25,0.43,0.91,2.59,NA
Northeast region,1986,1.24,0.44,0.93,2.62,NA
Northeast region,1985,1.25,0.43,0.98,2.66,NA
Northeast region,1984,1.25,0.43,1.01,2.70,NA
Northeast region,1983,1.31,0.43,1.03,2.76,NA
Northeast region,1982,1.31,0.43,1.06,2.80,NA
Northeast region,1981,1.31,0.42,1.07,2.80,NA
Northeast region,1980,1.33,0.40,1.09,2.83,NA
Northeast region,1979,1.29,0.38,1.09,2.76,NA
Northeast region,1978,1.26,0.36,1.10,2.73,NA
Northeast region,1977,1.25,0.34,1.10,2.69,NA
Midwest region,2023,1.00,0.35,1.07,2.42,NA
Midwest region,2022,1.05,0.36,1.06,2.47,NA
Midwest region,2021,1.09,0.37,1.06,2.52,NA
Midwest region,2020,1.08,0.37,1.01,2.47,NA
Midwest region,2019,1.09,0.36,0.94,2.39,NA
Midwest region,2018,1.10,0.36,0.91,2.37,NA
Midwest region,2017,1.12,0.36,0.89,2.38,NA
Midwest region,2016,1.14,0.35,0.87,2.37,NA
Midwest region,2015,1.15,0.35,0.86,2.36,NA
Midwest region,2014,1.16,0.34,0.84,2.35,NA
Midwest region,2013,1.17,0.34,0.83,2.34,NA
Midwest region,2012,1.20,0.33,0.82,2.35,NA
Midwest region,2011,1.20,0.32,0.79,2.31,NA
Midwest region,2010,1.23,0.30,0.77,2.30,NA
Midwest region,2009,1.25,0.30,0.76,2.32,NA
Midwest region,2008,1.27,0.29,0.76,2.33,NA
Midwest region,2007,1.28,0.30,0.74,2.32,NA
Midwest region,2006,1.27,0.28,0.72,2.27,NA
Midwest region,2005,1.27,0.27,0.71,2.25,NA
Midwest region,2004,1.28,0.26,0.68,2.22,NA
Midwest region,2003,1.28,0.26,0.68,2.23,NA
Midwest region,2002,1.30,0.25,0.64,2.19,NA
Midwest region,2001,1.29,0.23,0.65,2.17,NA
Midwest region,2000,1.29,0.24,0.63,2.16,NA
Midwest region,1999,1.29,0.24,0.63,2.15,NA
Midwest region,1998,1.28,0.23,0.63,2.14,NA
Midwest region,1997,1.26,0.23,0.62,2.11,NA
Midwest region,1996,1.28,0.23,0.62,2.12,NA
Midwest region,1995,1.29,0.22,0.62,2.12,NA
Midwest region,1994,1.30,0.22,0.63,2.14,NA
Midwest region,1993,1.30,0.22,0.67,2.18,NA
Midwest region,1992,1.31,0.23,0.68,2.21,NA
Midwest region,1991,1.35,0.23,0.67,2.25,NA
Midwest region,1990,1.38,0.26,0.74,2.37,NA
Midwest region,1989,1.36,0.26,0.72,2.35,NA
Midwest region,1988,1.38,0.29,0.75,2.41,NA
Midwest region,1987,1.38,0.30,0.77,2.45,NA
Midwest region,1986,1.38,0.30,0.78,2.46,NA
Midwest region,1985,1.37,0.28,0.84,2.49,NA
Midwest region,1984,1.40,0.27,0.84,2.52,NA
Midwest region,1983,1.42,0.25,0.87,2.54,NA
Midwest region,1982,1.42,0.27,0.88,2.57,NA
Midwest region,1981,1.42,0.26,0.93,2.61,NA
Midwest region,1980,1.42,0.24,0.96,2.63,NA
Midwest region,1979,1.40,0.23,0.95,2.58,NA
Midwest region,1978,1.35,0.22,0.95,2.52,NA
Midwest region,1977,1.32,0.21,0.96,2.49,NA
South region,2023,0.98,0.36,1.00,2.35,NA
South region,2022,1.02,0.38,1.00,2.39,NA
South region,2021,1.07,0.39,0.98,2.44,NA
South region,2020,1.06,0.39,0.90,2.35,NA
South region,2019,1.05,0.37,0.84,2.26,NA
South region,2018,1.06,0.37,0.81,2.24,NA
South region,2017,1.09,0.37,0.80,2.26,NA
South region,2016,1.11,0.37,0.79,2.28,NA
South region,2015,1.12,0.36,0.77,2.25,NA
South region,2014,1.11,0.36,0.75,2.22,NA
South region,2013,1.16,0.35,0.74,2.25,NA
South region,2012,1.18,0.35,0.73,2.26,NA
South region,2011,1.17,0.34,0.71,2.22,NA
South region,2010,1.17,0.32,0.70,2.19,NA
South region,2009,1.21,0.31,0.69,2.21,NA
South region,2008,1.25,0.31,0.68,2.23,NA
South region,2007,1.26,0.31,0.68,2.24,NA
South region,2006,1.27,0.30,0.67,2.23,NA
South region,2005,1.26,0.29,0.65,2.20,NA
South region,2004,1.27,0.29,0.64,2.19,NA
South region,2003,1.27,0.27,0.64,2.18,NA
South region,2002,1.28,0.26,0.62,2.16,NA
South region,2001,1.29,0.25,0.60,2.14,NA
South region,2000,1.30,0.25,0.61,2.17,NA
South region,1999,1.30,0.25,0.60,2.15,NA
South region,1998,1.30,0.24,0.60,2.13,NA
South region,1997,1.30,0.23,0.60,2.13,NA
South region,1996,1.30,0.23,0.61,2.15,NA
South region,1995,1.29,0.22,0.61,2.12,NA
South region,1994,1.31,0.22,0.64,2.16,NA
South region,1993,1.33,0.22,0.66,2.20,NA
South region,1992,1.33,0.23,0.69,2.26,NA
South region,1991,1.31,0.23,0.69,2.23,NA
South region,1990,1.36,0.26,0.74,2.36,NA
South region,1989,1.33,0.26,0.74,2.33,NA
South region,1988,1.34,0.27,0.74,2.35,NA
South region,1987,1.34,0.27,0.77,2.39,NA
South region,1986,1.36,0.28,0.79,2.43,NA
South region,1985,1.34,0.27,0.86,2.47,NA
South region,1984,1.34,0.27,0.90,2.51,NA
South region,1983,1.36,0.25,0.91,2.52,NA
South region,1982,1.37,0.23,0.94,2.54,NA
South region,1981,1.36,0.24,0.98,2.58,NA
South region,1980,1.30,0.23,0.97,2.50,NA
South region,1979,1.27,0.20,0.99,2.46,NA
South region,1978,1.25,0.19,1.00,2.44,NA
South region,1977,1.21,0.19,0.98,2.37,NA
West region,2023,1.04,0.52,1.17,2.73,NA
West region,2022,1.07,0.53,1.13,2.73,NA
West region,2021,1.08,0.55,1.07,2.70,NA
West region,2020,1.06,0.53,0.98,2.57,NA
West region,2019,1.06,0.53,0.92,2.51,NA
West region,2018,1.05,0.54,0.91,2.50,NA
West region,2017,1.02,0.52,0.85,2.39,NA
West region,2016,1.03,0.53,0.85,2.41,NA
West region,2015,1.05,0.50,0.82,2.37,NA
West region,2014,1.06,0.53,0.80,2.40,NA
West region,2013,1.05,0.54,0.81,2.40,NA
West region,2012,1.05,0.55,0.81,2.42,NA
West region,2011,1.04,0.53,0.78,2.35,NA
West region,2010,1.07,0.47,0.76,2.30,NA
West region,2009,1.11,0.50,0.76,2.37,NA
West region,2008,1.15,0.50,0.76,2.41,NA
West region,2007,1.17,0.49,0.76,2.41,NA
West region,2006,1.13,0.50,0.76,2.39,NA
West region,2005,1.14,0.49,0.73,2.35,NA
West region,2004,1.17,0.47,0.71,2.34,NA
West region,2003,1.17,0.45,0.69,2.31,NA
West region,2002,1.18,0.44,0.68,2.30,NA
West region,2001,1.19,0.43,0.68,2.30,NA
West region,2000,1.21,0.43,0.68,2.31,NA
West region,1999,1.20,0.43,0.65,2.28,NA
West region,1998,1.19,0.43,0.64,2.26,NA
West region,1997,1.20,0.44,0.65,2.30,NA
West region,1996,1.22,0.43,0.67,2.32,NA
West region,1995,1.23,0.40,0.66,2.29,NA
West region,1994,1.20,0.41,0.70,2.31,NA
West region,1993,1.26,0.42,0.72,2.39,NA
West region,1992,1.33,0.45,0.76,2.54,NA
West region,1991,1.30,0.44,0.76,2.50,NA
West region,1990,1.37,0.50,0.84,2.71,NA
West region,1989,1.35,0.51,0.84,2.69,NA
West region,1988,1.36,0.56,0.86,2.79,NA
West region,1987,1.38,0.62,0.89,2.89,NA
West region,1986,1.39,0.65,0.92,2.96,NA
West region,1985,1.37,0.65,0.99,3.01,NA
West region,1984,1.40,0.61,1.03,3.04,NA
West region,1983,1.42,0.61,1.07,3.10,NA
West region,1982,1.44,0.59,1.10,3.13,NA
West region,1981,1.49,0.60,1.16,3.24,NA
West region,1980,1.47,0.59,1.19,3.24,NA
West region,1979,1.45,0.56,1.20,3.22,NA
West region,1978,1.39,0.55,1.23,3.18,NA
West region,1977,1.35,0.53,1.20,3.08,NA
U.S. total,2023,0.99,0.41,1.08,2.48,NA
U.S. total,2022,1.03,0.42,1.06,2.51,NA
U.S. total,2021,1.07,0.44,1.03,2.54,NA
U.S. total,2020,1.05,0.44,0.95,2.44,NA
U.S. total,2019,1.05,0.43,0.89,2.38,NA
U.S. total,2018,1.06,0.43,0.87,2.36,NA
U.S. total,2017,1.06,0.43,0.85,2.35,NA
U.S. total,2016,1.09,0.43,0.83,2.35,NA
U.S. total,2015,1.09,0.42,0.81,2.33,NA
U.S. total,2014,1.10,0.43,0.80,2.32,NA
U.S. total,2013,1.12,0.42,0.79,2.33,NA
U.S. total,2012,1.13,0.42,0.78,2.34,NA
U.S. total,2011,1.12,0.41,0.76,2.29,NA
U.S. total,2010,1.14,0.38,0.74,2.26,NA
U.S. total,2009,1.17,0.38,0.73,2.29,NA
U.S. total,2008,1.20,0.38,0.73,2.31,NA
U.S. total,2007,1.21,0.38,0.72,2.31,NA
U.S. total,2006,1.20,0.37,0.71,2.28,NA
U.S. total,2005,1.20,0.36,0.70,2.25,NA
U.S. total,2004,1.21,0.35,0.68,2.23,NA
U.S. total,2003,1.21,0.34,0.67,2.22,NA
U.S. total,2002,1.23,0.32,0.64,2.20,NA
U.S. total,2001,1.23,0.31,0.64,2.18,NA
U.S. total,2000,1.23,0.31,0.64,2.19,NA
U.S. total,1999,1.23,0.31,0.63,2.17,NA
U.S. total,1998,1.22,0.30,0.62,2.15,NA
U.S. total,1997,1.22,0.30,0.62,2.15,NA
U.S. total,1996,1.23,0.30,0.63,2.16,NA
U.S. total,1995,1.24,0.29,0.63,2.15,NA
U.S. total,1994,1.25,0.28,0.65,2.18,NA
U.S. total,1993,1.26,0.28,0.68,2.23,NA
U.S. total,1992,1.29,0.30,0.71,2.30,NA
U.S. total,1991,1.29,0.30,0.71,2.30,NA
U.S. total,1990,1.34,0.33,0.77,2.45,NA
U.S. total,1989,1.32,0.34,0.78,2.43,NA
U.S. total,1988,1.33,0.36,0.79,2.49,NA
U.S. total,1987,1.34,0.38,0.83,2.55,NA
U.S. total,1986,1.35,0.39,0.84,2.58,NA
U.S. total,1985,1.33,0.38,0.91,2.62,NA
U.S. total,1984,1.35,0.37,0.94,2.65,NA
U.S. total,1983,1.37,0.36,0.96,2.69,NA
U.S. total,1982,1.38,0.36,0.98,2.72,NA
U.S. total,1981,1.39,0.35,1.02,2.76,NA
U.S. total,1980,1.37,0.34,1.04,2.75,NA
U.S. total,1979,1.34,0.31,1.04,2.70,NA
U.S. total,1978,1.30,0.30,1.05,2.66,NA
U.S. total,1977,1.27,0.29,1.04,2.60,NA
